FIPS Code,Geographic Area,AIGE
1000,Alabama,0.5171078
1001,Autauga County,-0.7004653
1003,Baldwin County,-0.6358306
1005,Barbour County,-1.192217
1007,Bibb County,-0.6349329
1009,Blount County,0.5154838
1011,Bullock County,0.5297253
1013,Butler County,-0.2586553
1015,Calhoun County,0.0325176
1017,Chambers County,-1.29771
1019,Cherokee County,0.9980787
1021,Chilton County,0.6006168
1023,Choctaw County,-0.9606203
1025,Clarke County,-1.522268
1027,Clay County,1.520164
1029,Cleburne County,2.306943
1031,Coffee County,-0.6304043
1033,Colbert County,-0.8779106
1035,Conecuh County,-0.5892835
1037,Coosa County,2.465885
1039,Covington County,1.245526
1041,Crenshaw County,-1.699608
1043,Cullman County,-0.7087454
1045,Dale County,0.2418638
1047,Dallas County,0.4795224
1049,DeKalb County,0.0045424
1051,Elmore County,-0.9159446
1053,Escambia County,-0.1087469
1055,Etowah County,-0.0570396
1057,Fayette County,0.5928427
1059,Franklin County,-0.9889871
1061,Geneva County,-0.1518367
1063,Greene County,-2.279977
1065,Hale County,1.193758
1067,Henry County,-0.6244182
1069,Houston County,-0.086216
1071,Jackson County,1.573224
1073,Jefferson County,0.8040968
1075,Lamar County,0.5597874
1077,Lauderdale County,0.0153885
1079,Lawrence County,1.636416
1081,Lee County,-0.4407968
1083,Limestone County,-0.3781219
1085,Lowndes County,-0.9963984
1087,Macon County,1.57472
1089,Madison County,1.530059
1091,Marengo County,0.0439254
1093,Marion County,0.7724687
1095,Marshall County,-1.546875
1097,Mobile County,0.4381237
1099,Monroe County,-0.9257059
1101,Montgomery County,0.657557
1103,Morgan County,0.10284
1105,Perry County,-1.097994
1107,Pickens County,-2.066845
1109,Pike County,-0.8466054
1111,Randolph County,1.49553
1113,Russell County,1.003071
1115,St. Clair County,-0.4671196
1117,Shelby County,0.8177338
1119,Sumter County,-1.294348
1121,Talladega County,-0.1755718
1123,Tallapoosa County,-0.1034041
1125,Tuscaloosa County,-0.5568174
1127,Walker County,-0.3574956
1129,Washington County,-1.962855
1131,Wilcox County,-1.264932
1133,Winston County,-1.340532
2000,Alaska,0.4709651
2013,Aleutians East Borough,-3.137842
2016,Aleutians West Census Area,-1.377656
2020,Anchorage Municipality,0.5144143
2050,Bethel Census Area,3.34513
2060,Bristol Bay Borough,-0.816102
2068,Denali Borough,-1.786892
2070,Dillingham Census Area,-3.06179
2090,Fairbanks North Star Borough,-0.3741544
2100,Haines Borough,-1.045993
2105,Hoonah-Angoon Census Area,0.3705505
2110,Juneau City and Borough,0.3748784
2122,Kenai Peninsula Borough,-0.5016369
2130,Ketchikan Gateway Borough,-0.5065369
2150,Kodiak Island Borough,-0.8339964
2158,Kusilvak Census Area,-0.6726975
2164,Lake and Peninsula Borough,-0.8727115
2170,Matanuska-Susitna Borough,-0.2462227
2180,Nome Census Area,2.715183
2185,North Slope Borough,-1.47474
2188,Northwest Arctic Borough,2.844903
2195,Petersburg Borough,-3.024951
2198,Prince of Wales-Hyder Census Area,-0.6674522
2220,Sitka City and Borough,-1.206666
2230,Skagway Municipality,-1.642276
2240,Southeast Fairbanks Census Area,1.889208
2261,Valdez-Cordova Census Area,-1.525191
2275,Wrangell City and Borough,-2.163131
2282,Yakutat City and Borough,-0.5647738
2290,Yukon-Koyukuk Census Area,3.140746
4000,Arizona,0.9088002
4001,Apache County,2.325514
4003,Cochise County,0.8613644
4005,Coconino County,-0.2298305
4007,Gila County,-0.6104304
4009,Graham County,0.6650406
4011,Greenlee County,-3.617044
4012,La Paz County,-0.050122
4013,Maricopa County,0.9336246
4015,Mohave County,-0.1346637
4017,Navajo County,0.5995815
4019,Pima County,0.8283342
4021,Pinal County,0.3895851
4023,Santa Cruz County,-0.9670516
4025,Yavapai County,-0.0219391
4027,Yuma County,-1.021152
5000,Arkansas,0.2430259
5001,Arkansas County,-0.3089388
5003,Ashley County,1.569059
5005,Baxter County,1.544387
5007,Benton County,0.4942404
5009,Boone County,0.0815986
5011,Bradley County,-0.7999387
5013,Calhoun County,-0.8669834
5015,Carroll County,-0.8334183
5017,Chicot County,-0.7417227
5019,Clark County,1.200896
5021,Clay County,-1.05773
5023,Cleburne County,1.373606
5025,Cleveland County,0.9567203
5027,Columbia County,-0.6167367
5029,Conway County,1.157737
5031,Craighead County,-0.1129257
5033,Crawford County,0.05022
5035,Crittenden County,-0.0467343
5037,Cross County,0.0002297
5039,Dallas County,-2.776741
5041,Desha County,-0.2465958
5043,Drew County,0.9420977
5045,Faulkner County,0.3582212
5047,Franklin County,0.5261148
5049,Fulton County,-0.6952922
5051,Garland County,0.2424662
5053,Grant County,-1.701272
5055,Greene County,0.4557584
5057,Hempstead County,2.068394
5059,Hot Spring County,1.263164
5061,Howard County,1.989296
5063,Independence County,-0.2189334
5065,Izard County,1.673775
5067,Jackson County,0.5141554
5069,Jefferson County,0.8384994
5071,Johnson County,1.661813
5073,Lafayette County,0.0530177
5075,Lawrence County,0.1289226
5077,Lee County,0.6714036
5079,Lincoln County,-2.157956
5081,Little River County,0.4126382
5083,Logan County,-1.042904
5085,Lonoke County,0.3408749
5087,Madison County,-1.408683
5089,Marion County,-1.617299
5091,Miller County,-0.3514313
5093,Mississippi County,-1.048406
5095,Monroe County,0.0951928
5097,Montgomery County,-2.34705
5099,Nevada County,-0.3806181
5101,Newton County,3.226693
5103,Ouachita County,1.618598
5105,Perry County,-1.698376
5107,Phillips County,2.348859
5109,Pike County,0.90951
5111,Poinsett County,2.032707
5113,Polk County,0.4492548
5115,Pope County,-0.6793282
5117,Prairie County,-0.8828939
5119,Pulaski County,1.009192
5121,Randolph County,1.650785
5123,St. Francis County,0.7806879
5125,Saline County,-0.5755793
5127,Scott County,-1.597325
5129,Searcy County,1.265411
5131,Sebastian County,0.4003395
5133,Sevier County,2.42839
5135,Sharp County,1.535522
5137,Stone County,1.011215
5139,Union County,-0.3513529
5141,Van Buren County,-0.8302271
5143,Washington County,-0.0025898
5145,White County,0.515352
5147,Woodruff County,0.0660676
5149,Yell County,-1.020333
6000,California,1.028286
6001,Alameda County,1.347146
6003,Alpine County,-1.477156
6005,Amador County,-0.4450736
6007,Butte County,0.590818
6009,Calaveras County,-0.9792489
6011,Colusa County,0.690569
6013,Contra Costa County,0.9736545
6015,Del Norte County,-0.2263806
6017,El Dorado County,0.4658881
6019,Fresno County,0.0376222
6021,Glenn County,-1.080643
6023,Humboldt County,0.736424
6025,Imperial County,-0.6152348
6027,Inyo County,-1.260334
6029,Kern County,-0.5665412
6031,Kings County,-0.5597121
6033,Lake County,1.435268
6035,Lassen County,1.893984
6037,Los Angeles County,1.266307
6039,Madera County,-1.65042
6041,Marin County,0.8926214
6043,Mariposa County,-0.4155879
6045,Mendocino County,-0.3748482
6047,Merced County,-0.3931176
6049,Modoc County,1.008934
6051,Mono County,-2.053624
6053,Monterey County,-1.942871
6055,Napa County,-0.6777727
6057,Nevada County,0.4116487
6059,Orange County,0.9908797
6061,Placer County,0.5095767
6063,Plumas County,0.1996332
6065,Riverside County,-0.0689461
6067,Sacramento County,1.056343
6069,San Benito County,-2.110897
6071,San Bernardino County,0.2020231
6073,San Diego County,1.175884
6075,San Francisco County,2.381225
6077,San Joaquin County,-0.33886
6079,San Luis Obispo County,-0.1660248
6081,San Mateo County,1.646901
6083,Santa Barbara County,0.2667122
6085,Santa Clara County,2.246738
6087,Santa Cruz County,0.6707994
6089,Shasta County,0.6254826
6091,Sierra County,1.744881
6093,Siskiyou County,-0.5224125
6095,Solano County,0.5570935
6097,Sonoma County,0.3734579
6099,Stanislaus County,-0.034023
6101,Sutter County,-0.7319637
6103,Tehama County,-0.5969545
6105,Trinity County,0.2205565
6107,Tulare County,-1.032978
6109,Tuolumne County,-0.7763041
6111,Ventura County,0.8192025
6113,Yolo County,-0.151668
6115,Yuba County,0.9920512
8000,Colorado,0.9809595
8001,Adams County,-0.6084914
8003,Alamosa County,0.1445273
8005,Arapahoe County,1.61296
8007,Archuleta County,-0.6524026
8009,Baca County,-1.46665
8011,Bent County,1.322433
8013,Boulder County,1.936633
8014,Broomfield County,1.980261
8015,Chaffee County,-0.3969555
8017,Cheyenne County,-0.6419132
8019,Clear Creek County,-2.186088
8021,Conejos County,2.585649
8023,Costilla County,-1.163389
8025,Crowley County,-3.617044
8027,Custer County,-2.088932
8029,Delta County,-0.2072074
8031,Denver County,1.128774
8033,Dolores County,-1.611433
8035,Douglas County,1.312082
8037,Eagle County,-1.386134
8039,Elbert County,0.2529217
8041,El Paso County,1.155413
8043,Fremont County,-0.6508749
8045,Garfield County,-0.0419719
8047,Gilpin County,-2.639809
8049,Grand County,-1.977499
8051,Gunnison County,-1.548773
8053,Hinsdale County,-2.271289
8055,Huerfano County,0.2117177
8057,Jackson County,-2.674081
8059,Jefferson County,0.6856716
8061,Kiowa County,-0.9389803
8063,Kit Carson County,-0.8104207
8065,Lake County,-2.598811
8067,La Plata County,-0.0696982
8069,Larimer County,0.4840733
8071,Las Animas County,0.7870209
8073,Lincoln County,-0.2292205
8075,Logan County,0.2543369
8077,Mesa County,-0.2439338
8079,Mineral County,-1.674345
8081,Moffat County,-0.9335648
8083,Montezuma County,0.2100108
8085,Montrose County,-0.2929772
8087,Morgan County,-1.283477
8089,Otero County,1.194712
8091,Ouray County,-1.531467
8093,Park County,-1.155857
8095,Phillips County,-2.190166
8097,Pitkin County,-1.346699
8099,Prowers County,-1.233189
8101,Pueblo County,0.3095024
8103,Rio Blanco County,-2.575788
8105,Rio Grande County,0.9820064
8107,Routt County,-1.202837
8109,Saguache County,3.246148
8111,San Juan County,-2.379837
8113,San Miguel County,-1.725815
8115,Sedgwick County,-2.978505
8117,Summit County,-1.458405
8119,Teller County,-0.7945175
8121,Washington County,-1.234958
8123,Weld County,-1.11501
8125,Yuma County,-1.112529
9000,Connecticut,1.154729
9001,Fairfield County,1.241433
9003,Hartford County,1.530014
9005,Litchfield County,0.5799364
9007,Middlesex County,0.4800501
9009,New Haven County,1.227185
9011,New London County,0.6993967
9013,Tolland County,0.7502294
9015,Windham County,0.7643433
10000,Delaware,0.9453681
10001,Kent County,1.739022
10003,New Castle County,1.573938
10005,Sussex County,-0.9789833
11000,District of Columbia,2.339433
11001,District of Columbia,2.339288
12000,Florida,0.7379833
12001,Alachua County,0.3857994
12003,Baker County,-1.49007
12005,Bay County,-0.2840629
12007,Bradford County,-1.681927
12009,Brevard County,0.6840991
12011,Broward County,0.8254612
12013,Calhoun County,-2.189466
12015,Charlotte County,-0.2878165
12017,Citrus County,-0.633015
12019,Clay County,-0.1282456
12021,Collier County,-0.7157998
12023,Columbia County,-0.4536853
12027,DeSoto County,-2.301841
12029,Dixie County,-2.253064
12031,Duval County,0.6444117
12033,Escambia County,0.0912741
12035,Flagler County,-1.233663
12037,Franklin County,-1.925736
12039,Gadsden County,-1.136837
12041,Gilchrist County,-2.738057
12043,Glades County,-1.743545
12045,Gulf County,-0.5378686
12047,Hamilton County,-1.241871
12049,Hardee County,-0.9958715
12051,Hendry County,-0.956279
12053,Hernando County,-0.270647
12055,Highlands County,-0.7021106
12057,Hillsborough County,1.07121
12059,Holmes County,-1.561217
12061,Indian River County,-0.2971684
12063,Jackson County,-0.6481189
12065,Jefferson County,-0.6057042
12067,Lafayette County,-2.528438
12069,Lake County,-0.4388461
12071,Lee County,-0.2848407
12073,Leon County,0.5593106
12075,Levy County,-1.136195
12077,Liberty County,-1.301955
12079,Madison County,0.2003498
12081,Manatee County,-0.4648069
12083,Marion County,-0.2615848
12085,Martin County,-0.2911622
12086,Miami-Dade County,0.7300541
12087,Monroe County,-1.297273
12089,Nassau County,-0.79489
12091,Okaloosa County,0.2058487
12093,Okeechobee County,-0.4174258
12095,Orange County,0.2919726
12097,Osceola County,-0.0682917
12099,Palm Beach County,0.4981721
12101,Pasco County,0.0171282
12103,Pinellas County,0.8875405
12105,Polk County,-0.0296764
12107,Putnam County,-0.789327
12109,St. Johns County,-0.4310495
12111,St. Lucie County,-0.0652606
12113,Santa Rosa County,-0.7120916
12115,Sarasota County,0.2634317
12117,Seminole County,0.6810945
12119,Sumter County,-0.8978339
12121,Suwannee County,-1.526751
12123,Taylor County,-0.8940625
12125,Union County,-1.242448
12127,Volusia County,0.0486838
12129,Wakulla County,-1.881949
12131,Walton County,-0.9432988
12133,Washington County,-0.0748842
13000,Georgia,0.8129339
13001,Appling County,-0.1706087
13003,Atkinson County,3.121396
13005,Bacon County,-0.45094
13007,Baker County,-6.108081
13009,Baldwin County,0.8925228
13011,Banks County,1.861807
13013,Barrow County,0.279449
13015,Bartow County,-0.7768966
13017,Ben Hill County,0.1536538
13019,Berrien County,-1.955083
13021,Bibb County,0.4704011
13023,Bleckley County,-2.706063
13025,Brantley County,2.149472
13027,Brooks County,1.684628
13029,Bryan County,0.3825682
13031,Bulloch County,0.0733273
13033,Burke County,1.278479
13035,Butts County,0.0014552
13037,Calhoun County,1.912916
13039,Camden County,0.6813273
13043,Candler County,0.2010463
13045,Carroll County,-0.2863544
13047,Catoosa County,1.749031
13049,Charlton County,0.4635714
13051,Chatham County,-0.3132868
13053,Chattahoochee County,2.600244
13055,Chattooga County,0.8958367
13057,Cherokee County,0.0548792
13059,Clarke County,0.5652549
13061,Clay County,1.72543
13063,Clayton County,-0.0422676
13065,Clinch County,-1.546688
13067,Cobb County,0.7757916
13069,Coffee County,0.2239039
13071,Colquitt County,-1.549184
13073,Columbia County,0.2747048
13075,Cook County,-0.0935098
13077,Coweta County,0.1934889
13079,Crawford County,-2.822924
13081,Crisp County,1.822372
13083,Dade County,1.245827
13085,Dawson County,0.4800913
13087,Decatur County,0.6205941
13089,DeKalb County,1.197036
13091,Dodge County,-0.3850453
13093,Dooly County,0.0875089
13095,Dougherty County,0.0736771
13097,Douglas County,-0.2145996
13099,Early County,0.3187307
13101,Echols County,-3.617044
13103,Effingham County,-1.191764
13105,Elbert County,-0.6882291
13107,Emanuel County,-0.4603403
13109,Evans County,1.342968
13111,Fannin County,1.139252
13113,Fayette County,0.5310706
13115,Floyd County,0.2612433
13117,Forsyth County,0.7260135
13119,Franklin County,0.7384416
13121,Fulton County,1.626205
13123,Gilmer County,1.408583
13125,Glascock County,-3.617044
13127,Glynn County,-0.6003892
13129,Gordon County,0.2301379
13131,Grady County,1.207475
13133,Greene County,-0.0325335
13135,Gwinnett County,1.069969
13137,Habersham County,0.2845266
13139,Hall County,-0.2917862
13141,Hancock County,-1.732317
13143,Haralson County,0.6278592
13145,Harris County,1.100874
13147,Hart County,1.691569
13149,Heard County,2.789932
13151,Henry County,-0.2424881
13153,Houston County,0.8388379
13155,Irwin County,-0.0904559
13157,Jackson County,-0.4409128
13159,Jasper County,-0.3389623
13161,Jeff Davis County,-0.768988
13163,Jefferson County,-1.635901
13165,Jenkins County,-2.3822
13167,Johnson County,1.359875
13169,Jones County,-1.302164
13171,Lamar County,2.270368
13173,Lanier County,-3.270761
13175,Laurens County,0.3943397
13177,Lee County,0.099726
13179,Liberty County,-0.6045507
13181,Lincoln County,-1.844252
13183,Long County,-2.48335
13185,Lowndes County,-0.2880555
13187,Lumpkin County,-1.447126
13189,McDuffie County,1.643053
13191,McIntosh County,-2.346641
13193,Macon County,0.8740451
13195,Madison County,1.049557
13197,Marion County,2.796239
13199,Meriwether County,0.5754818
13201,Miller County,-1.423652
13205,Mitchell County,1.724973
13207,Monroe County,-0.4730224
13209,Montgomery County,-0.1276687
13211,Morgan County,0.4852822
13213,Murray County,-0.9651425
13215,Muscogee County,0.818949
13217,Newton County,0.0637353
13219,Oconee County,0.842432
13221,Oglethorpe County,1.412268
13223,Paulding County,0.1352857
13225,Peach County,0.2111504
13227,Pickens County,-0.7470298
13229,Pierce County,-2.243658
13231,Pike County,0.2300992
13233,Polk County,1.14113
13235,Pulaski County,0.1338731
13237,Putnam County,-2.064798
13239,Quitman County,-3.617044
13241,Rabun County,0.4708848
13243,Randolph County,1.564582
13245,Richmond County,0.6453295
13247,Rockdale County,0.4485793
13249,Schley County,-3.617044
13251,Screven County,-0.8199877
13253,Seminole County,-0.2928144
13255,Spalding County,0.3448141
13257,Stephens County,1.894027
13259,Stewart County,3.579288
13261,Sumter County,0.3703775
13263,Talbot County,-4.120901
13265,Taliaferro County,-3.617044
13267,Tattnall County,1.405566
13269,Taylor County,3.128655
13271,Telfair County,2.21222
13273,Terrell County,-2.065477
13275,Thomas County,0.0790115
13277,Tift County,-0.666125
13279,Toombs County,0.4050978
13281,Towns County,-0.1254304
13283,Treutlen County,2.216651
13285,Troup County,-0.4514008
13287,Turner County,-0.2733313
13289,Twiggs County,3.07061
13291,Union County,1.881543
13293,Upson County,1.760488
13295,Walker County,0.6879302
13297,Walton County,0.1848084
13299,Ware County,0.3101163
13301,Warren County,1.217795
13303,Washington County,1.292944
13305,Wayne County,-0.2536045
13307,Webster County,-3.617044
13309,Wheeler County,-1.482448
13311,White County,-1.065117
13313,Whitfield County,-0.6418763
13315,Wilcox County,3.005186
13317,Wilkes County,-2.223872
13319,Wilkinson County,0.6309537
13321,Worth County,1.5866
15000,Hawaii,0.2347143
15001,Hawaii County,0.0343511
15003,Honolulu County,0.4758773
15007,Kauai County,-0.0767079
15009,Maui County,-0.0318035
16000,Idaho,0.4952719
16001,Ada County,0.8809481
16003,Adams County,-0.0262756
16005,Bannock County,0.8582664
16007,Bear Lake County,-1.216104
16009,Benewah County,-1.315565
16011,Bingham County,-1.139186
16013,Blaine County,-0.605925
16015,Boise County,-1.485138
16017,Bonner County,-0.5598904
16019,Bonneville County,0.3864377
16021,Boundary County,-0.8680934
16023,Butte County,1.36387
16025,Camas County,0.5340804
16027,Canyon County,-1.019517
16029,Caribou County,-1.056885
16031,Cassia County,0.2307664
16033,Clark County,4.080922
16035,Clearwater County,0.9199214
16037,Custer County,-1.56439
16039,Elmore County,0.4822538
16041,Franklin County,-0.4110247
16043,Fremont County,-0.2541272
16045,Gem County,-1.31411
16047,Gooding County,0.4606327
16049,Idaho County,-1.451653
16051,Jefferson County,-0.8791544
16053,Jerome County,-0.1314576
16055,Kootenai County,0.2163206
16057,Latah County,0.5580021
16059,Lemhi County,-0.5825603
16061,Lewis County,0.1655841
16063,Lincoln County,0.9192038
16065,Madison County,0.8383602
16067,Minidoka County,-1.397684
16069,Nez Perce County,-0.5893242
16071,Oneida County,-2.097873
16073,Owyhee County,0.9559264
16075,Payette County,1.101445
16077,Power County,-1.294657
16079,Shoshone County,-1.311654
16081,Teton County,-1.136847
16083,Twin Falls County,-0.6496406
16085,Valley County,-2.061306
16087,Washington County,-1.976211
17000,Illinois,0.9887875
17001,Adams County,-0.1559646
17003,Alexander County,-2.618162
17005,Bond County,-1.990749
17007,Boone County,-1.057326
17009,Brown County,-1.255909
17011,Bureau County,-0.9969225
17013,Calhoun County,1.095041
17015,Carroll County,0.8555685
17017,Cass County,1.151762
17019,Champaign County,0.39986
17021,Christian County,-1.06738
17023,Clark County,1.579699
17025,Clay County,-1.49928
17027,Clinton County,-0.5342712
17029,Coles County,-0.7067456
17031,Cook County,1.274891
17033,Crawford County,0.6105263
17035,Cumberland County,-0.058428
17037,DeKalb County,0.3561655
17039,De Witt County,-1.199265
17041,Douglas County,-0.5459959
17043,DuPage County,1.311464
17045,Edgar County,0.7380425
17047,Edwards County,-2.638654
17049,Effingham County,-0.2216769
17051,Fayette County,-1.386681
17053,Ford County,0.9714659
17055,Franklin County,-1.307135
17057,Fulton County,-0.3499422
17059,Gallatin County,-0.3680869
17061,Greene County,1.204513
17063,Grundy County,-0.9640273
17065,Hamilton County,0.1667506
17067,Hancock County,-1.747204
17069,Hardin County,-1.341909
17071,Henderson County,1.00973
17073,Henry County,0.3784142
17075,Iroquois County,-0.5411388
17077,Jackson County,0.486888
17079,Jasper County,-2.066967
17081,Jefferson County,-0.082324
17083,Jersey County,-1.586941
17085,Jo Daviess County,-1.007965
17087,Johnson County,1.926286
17089,Kane County,0.2800123
17091,Kankakee County,0.1349765
17093,Kendall County,-0.9204745
17095,Knox County,-0.1724157
17097,Lake County,0.994593
17099,LaSalle County,0.0630399
17101,Lawrence County,1.825739
17103,Lee County,0.5744398
17105,Livingston County,-1.002123
17107,Logan County,0.1369511
17109,McDonough County,-0.8699994
17111,McHenry County,0.0225738
17113,McLean County,0.1686149
17115,Macon County,-0.7464593
17117,Macoupin County,-1.213339
17119,Madison County,-0.2017695
17121,Marion County,0.01851
17123,Marshall County,0.3033382
17125,Mason County,-0.9513226
17127,Massac County,-1.353207
17129,Menard County,-1.445713
17131,Mercer County,-1.89261
17133,Monroe County,-0.952973
17135,Montgomery County,-0.8771364
17137,Morgan County,0.0725294
17139,Moultrie County,-0.7914574
17141,Ogle County,-0.3369472
17143,Peoria County,1.213428
17145,Perry County,-0.7174146
17147,Piatt County,-0.2454357
17149,Pike County,-1.343084
17151,Pope County,1.141336
17153,Pulaski County,-0.5032759
17155,Putnam County,-2.470907
17157,Randolph County,-0.2934855
17159,Richland County,-1.100862
17161,Rock Island County,1.227239
17163,St. Clair County,0.6464558
17165,Saline County,-1.103489
17167,Sangamon County,1.085867
17169,Schuyler County,-1.924684
17171,Scott County,-1.48366
17173,Shelby County,0.0968849
17175,Stark County,-2.863686
17177,Stephenson County,0.1846219
17179,Tazewell County,-0.3312525
17181,Union County,-0.2660111
17183,Vermilion County,0.6414422
17185,Wabash County,2.046477
17187,Warren County,-1.283258
17189,Washington County,-0.8895715
17191,Wayne County,-1.381765
17193,White County,0.127555
17195,Whiteside County,-0.6501221
17197,Will County,-0.1546627
17199,Williamson County,0.2719895
17201,Winnebago County,0.4061603
17203,Woodford County,-1.686742
18000,Indiana,0.4297744
18001,Adams County,-0.9283518
18003,Allen County,0.4777202
18005,Bartholomew County,0.1818104
18007,Benton County,1.669298
18009,Blackford County,-1.684063
18011,Boone County,-0.7975686
18013,Brown County,-1.529037
18015,Carroll County,-2.202311
18017,Cass County,-1.068045
18019,Clark County,-0.15729
18021,Clay County,-1.692845
18023,Clinton County,-1.332351
18025,Crawford County,-1.159225
18027,Daviess County,-1.028953
18029,Dearborn County,0.0549674
18031,Decatur County,-1.065376
18033,DeKalb County,-1.012462
18035,Delaware County,0.2849005
18037,Dubois County,0.4456388
18039,Elkhart County,-0.793944
18041,Fayette County,0.5410035
18043,Floyd County,-0.1902771
18045,Fountain County,0.5072187
18047,Franklin County,0.4694454
18049,Fulton County,-1.290768
18051,Gibson County,-0.8998213
18053,Grant County,-0.748599
18055,Greene County,-0.6505622
18057,Hamilton County,1.069824
18059,Hancock County,-1.436208
18061,Harrison County,-1.102685
18063,Hendricks County,-1.533061
18065,Henry County,-0.6194274
18067,Howard County,-0.4180014
18069,Huntington County,-1.325479
18071,Jackson County,-0.8915862
18073,Jasper County,-1.069394
18075,Jay County,1.682252
18077,Jefferson County,-1.182455
18079,Jennings County,0.0887993
18081,Johnson County,-0.1951988
18083,Knox County,0.0498308
18085,Kosciusko County,-0.3294355
18087,LaGrange County,-1.189047
18089,Lake County,0.0379797
18091,LaPorte County,-0.1102189
18093,Lawrence County,0.7354194
18095,Madison County,-0.3228054
18097,Marion County,0.9747427
18099,Marshall County,-0.1161874
18101,Martin County,2.746922
18103,Miami County,0.1554752
18105,Monroe County,0.3099734
18107,Montgomery County,-0.7802007
18109,Morgan County,-0.2639219
18111,Newton County,-1.650783
18113,Noble County,-0.5830019
18115,Ohio County,-3.617044
18117,Orange County,0.1927767
18119,Owen County,1.906576
18121,Parke County,0.8653171
18123,Perry County,-1.474938
18125,Pike County,-2.493377
18127,Porter County,-0.2410179
18129,Posey County,-1.431758
18131,Pulaski County,-0.8248752
18133,Putnam County,-1.436082
18135,Randolph County,0.4031024
18137,Ripley County,0.8223854
18139,Rush County,-0.9570702
18141,St. Joseph County,0.7289878
18143,Scott County,0.5386032
18145,Shelby County,-1.364877
18147,Spencer County,0.1625316
18149,Starke County,1.342299
18151,Steuben County,-0.45863
18153,Sullivan County,-0.770935
18155,Switzerland County,-1.177851
18157,Tippecanoe County,-0.3467513
18159,Tipton County,0.164763
18161,Union County,-2.011246
18163,Vanderburgh County,0.4927276
18165,Vermillion County,-1.85402
18167,Vigo County,-0.1049085
18169,Wabash County,0.3455676
18171,Warren County,2.171234
18173,Warrick County,-0.1482978
18175,Washington County,0.4134059
18177,Wayne County,-0.2405016
18179,Wells County,-0.0219396
18181,White County,0.2570216
18183,Whitley County,-0.1158681
19000,Iowa,0.6960925
19001,Adair County,-1.13329
19003,Adams County,-2.082265
19005,Allamakee County,-0.4025943
19007,Appanoose County,-0.3601
19009,Audubon County,0.2114812
19011,Benton County,-0.580786
19013,Black Hawk County,0.262382
19015,Boone County,0.4070345
19017,Bremer County,-0.5351281
19019,Buchanan County,0.2877331
19021,Buena Vista County,0.4855719
19023,Butler County,-0.2960665
19025,Calhoun County,0.724892
19027,Carroll County,0.1220531
19029,Cass County,0.7109153
19031,Cedar County,-0.5097002
19033,Cerro Gordo County,0.4393874
19035,Cherokee County,0.4849776
19037,Chickasaw County,-0.6668261
19039,Clarke County,0.1025678
19041,Clay County,0.4064856
19043,Clayton County,-0.1996939
19045,Clinton County,-0.3081828
19047,Crawford County,0.2463861
19049,Dallas County,1.466864
19051,Davis County,-1.244868
19053,Decatur County,-2.257366
19055,Delaware County,-0.9816321
19057,Des Moines County,0.1744411
19059,Dickinson County,-0.0038428
19061,Dubuque County,0.7271842
19063,Emmet County,-1.200206
19065,Fayette County,-0.4013066
19067,Floyd County,0.89292
19069,Franklin County,0.6581081
19071,Fremont County,1.683751
19073,Greene County,0.7668222
19075,Grundy County,-1.199471
19077,Guthrie County,1.34277
19079,Hamilton County,-0.237868
19081,Hancock County,0.2619914
19083,Hardin County,0.521066
19085,Harrison County,-0.5759908
19087,Henry County,0.3173666
19089,Howard County,0.7536794
19091,Humboldt County,0.378287
19093,Ida County,1.263131
19095,Iowa County,0.2053336
19097,Jackson County,0.3249213
19099,Jasper County,0.4069245
19101,Jefferson County,0.675985
19103,Johnson County,0.9297884
19105,Jones County,-0.9097077
19107,Keokuk County,-0.7546017
19109,Kossuth County,0.7749698
19111,Lee County,-1.078577
19113,Linn County,0.9632932
19115,Louisa County,0.889638
19117,Lucas County,-0.1713966
19119,Lyon County,0.6205721
19121,Madison County,-0.9521298
19123,Mahaska County,-0.9813173
19125,Marion County,0.6483319
19127,Marshall County,0.4019401
19129,Mills County,-0.7116391
19131,Mitchell County,-1.091217
19133,Monona County,0.6022956
19135,Monroe County,1.214096
19137,Montgomery County,0.3632489
19139,Muscatine County,0.6798052
19141,O'Brien County,0.6375057
19143,Osceola County,0.5851194
19145,Page County,0.3708025
19147,Palo Alto County,0.7698395
19149,Plymouth County,-0.7522283
19151,Pocahontas County,1.110471
19153,Polk County,1.414127
19155,Pottawattamie County,-0.3759584
19157,Poweshiek County,-1.060602
19159,Ringgold County,-1.782726
19161,Sac County,1.114957
19163,Scott County,0.4961033
19165,Shelby County,1.090737
19167,Sioux County,-1.081247
19169,Story County,0.5199726
19171,Tama County,0.75086
19173,Taylor County,0.2585711
19175,Union County,0.3533725
19177,Van Buren County,1.874841
19179,Wapello County,0.3108152
19181,Warren County,0.2331221
19183,Washington County,0.3748111
19185,Wayne County,-1.212263
19187,Webster County,0.2266178
19189,Winnebago County,0.7039519
19191,Winneshiek County,0.1382747
19193,Woodbury County,-0.3886065
19195,Worth County,0.8675497
19197,Wright County,1.157615
20000,Kansas,0.9477315
20001,Allen County,-0.8243709
20003,Anderson County,-2.757327
20005,Atchison County,-0.5358744
20007,Barber County,-0.8424374
20009,Barton County,0.1624715
20011,Bourbon County,-0.0146781
20013,Brown County,1.174796
20015,Butler County,-0.5066634
20017,Chase County,-0.0360385
20019,Chautauqua County,-0.823891
20021,Cherokee County,1.103248
20023,Cheyenne County,-1.246234
20025,Clark County,2.933891
20027,Clay County,-0.1087473
20029,Cloud County,0.1103615
20031,Coffey County,-1.013748
20033,Comanche County,-3.617044
20035,Cowley County,0.5590025
20037,Crawford County,-0.3143784
20039,Decatur County,-1.508592
20041,Dickinson County,0.8248925
20043,Doniphan County,2.524088
20045,Douglas County,0.5299124
20047,Edwards County,1.496984
20049,Elk County,-1.743449
20051,Ellis County,0.0020988
20053,Ellsworth County,-1.372795
20055,Finney County,-0.7097631
20057,Ford County,-1.224868
20059,Franklin County,0.6471995
20061,Geary County,-0.28648
20063,Gove County,-2.544464
20065,Graham County,-1.347642
20067,Grant County,-0.8339134
20069,Gray County,-0.7330829
20071,Greeley County,-3.099717
20073,Greenwood County,0.8626658
20075,Hamilton County,-3.226586
20077,Harper County,0.336583
20079,Harvey County,1.000601
20081,Haskell County,2.838854
20083,Hodgeman County,2.147779
20085,Jackson County,2.024652
20087,Jefferson County,1.074961
20089,Jewell County,-1.802476
20091,Johnson County,1.495559
20093,Kearny County,-0.6361429
20095,Kingman County,0.7829954
20097,Kiowa County,-3.617044
20099,Labette County,1.410754
20101,Lane County,-2.697612
20103,Leavenworth County,0.1381999
20105,Lincoln County,2.730725
20107,Linn County,1.724069
20109,Logan County,-1.355902
20111,Lyon County,0.4275748
20113,McPherson County,0.0327779
20115,Marion County,0.6840199
20117,Marshall County,-0.3766528
20119,Meade County,-1.161631
20121,Miami County,0.8744216
20123,Mitchell County,-1.547884
20125,Montgomery County,0.9280353
20127,Morris County,0.5669017
20129,Morton County,1.623704
20131,Nemaha County,0.3079512
20133,Neosho County,-0.4863203
20135,Ness County,-2.130276
20137,Norton County,-1.979993
20139,Osage County,-0.5260643
20141,Osborne County,-0.0872696
20143,Ottawa County,-0.6180352
20145,Pawnee County,-1.911067
20147,Phillips County,0.0715558
20149,Pottawatomie County,-0.3939289
20151,Pratt County,-1.724201
20153,Rawlins County,-0.651064
20155,Reno County,0.7261165
20157,Republic County,0.6030045
20159,Rice County,-0.6609958
20161,Riley County,-0.0979045
20163,Rooks County,-1.065036
20165,Rush County,-1.87745
20167,Russell County,-0.6394506
20169,Saline County,0.7737184
20171,Scott County,-1.654457
20173,Sedgwick County,0.8684989
20175,Seward County,0.3008598
20177,Shawnee County,1.190725
20179,Sheridan County,-0.9762297
20181,Sherman County,0.7493479
20183,Smith County,0.0076512
20185,Stafford County,-0.8858442
20187,Stanton County,-1.628897
20189,Stevens County,-0.9526169
20191,Sumner County,1.35655
20193,Thomas County,-0.1697177
20195,Trego County,0.8370249
20197,Wabaunsee County,-3.107712
20199,Wallace County,2.833107
20201,Washington County,1.021516
20203,Wichita County,-4.305805
20205,Wilson County,0.089073
20207,Woodson County,-0.7382471
20209,Wyandotte County,-0.6442789
21000,Kentucky,0.4900968
21001,Adair County,-0.2235814
21003,Allen County,-1.300562
21005,Anderson County,-1.497534
21007,Ballard County,-0.7180691
21009,Barren County,-0.4365035
21011,Bath County,-2.604868
21013,Bell County,-1.123263
21015,Boone County,-0.8170156
21017,Bourbon County,-1.088125
21019,Boyd County,0.7375175
21021,Boyle County,-0.2060806
21023,Bracken County,-1.575473
21025,Breathitt County,0.5394292
21027,Breckinridge County,0.0483397
21029,Bullitt County,-2.799662
21031,Butler County,-1.371915
21033,Caldwell County,-1.370445
21035,Calloway County,0.2360631
21037,Campbell County,-0.2752801
21039,Carlisle County,-1.464606
21041,Carroll County,-0.3679546
21043,Carter County,0.2706101
21045,Casey County,0.8213283
21047,Christian County,0.1142992
21049,Clark County,1.297334
21051,Clay County,1.35251
21053,Clinton County,0.8425897
21055,Crittenden County,0.7769777
21057,Cumberland County,-1.868677
21059,Daviess County,-0.3001478
21061,Edmonson County,0.3423148
21063,Elliott County,-3.236962
21065,Estill County,-0.8609929
21067,Fayette County,0.3701144
21069,Fleming County,0.740249
21071,Floyd County,0.6692931
21073,Franklin County,-0.0829016
21075,Fulton County,-1.148093
21077,Gallatin County,-1.345607
21079,Garrard County,-1.026667
21081,Grant County,0.6405407
21083,Graves County,-0.4860357
21085,Grayson County,-0.2416192
21087,Green County,-0.5598897
21089,Greenup County,0.4393989
21091,Hancock County,-0.5889595
21093,Hardin County,0.2670934
21095,Harlan County,0.8056661
21097,Harrison County,-0.8220223
21099,Hart County,-1.808404
21101,Henderson County,-0.9064469
21103,Henry County,-0.1463263
21105,Hickman County,-3.617044
21107,Hopkins County,-0.1853087
21109,Jackson County,0.670185
21111,Jefferson County,0.5960811
21113,Jessamine County,-1.043831
21115,Johnson County,1.326382
21117,Kenton County,0.2008151
21119,Knott County,-0.1501684
21121,Knox County,1.062718
21123,Larue County,-1.129641
21125,Laurel County,0.6655674
21127,Lawrence County,-1.296184
21129,Lee County,1.470012
21131,Leslie County,-1.22444
21133,Letcher County,0.3252279
21135,Lewis County,-0.2295115
21137,Lincoln County,-1.43452
21139,Livingston County,-1.660856
21141,Logan County,-0.4513387
21143,Lyon County,0.3417062
21145,McCracken County,0.106503
21147,McCreary County,-0.0071287
21149,McLean County,-1.710222
21151,Madison County,-0.1108488
21153,Magoffin County,0.3603796
21155,Marion County,-1.120738
21157,Marshall County,-0.782105
21159,Martin County,-0.1531607
21161,Mason County,-0.7084892
21163,Meade County,-1.439566
21165,Menifee County,-0.9077486
21167,Mercer County,-1.42461
21169,Metcalfe County,2.309368
21171,Monroe County,-1.632027
21173,Montgomery County,-0.827889
21175,Morgan County,-0.6745118
21177,Muhlenberg County,-0.7230099
21179,Nelson County,-1.082145
21181,Nicholas County,-0.830059
21183,Ohio County,-0.1137687
21185,Oldham County,0.8993903
21187,Owen County,-0.9655889
21189,Owsley County,1.202022
21191,Pendleton County,-1.313178
21193,Perry County,0.4988717
21195,Pike County,0.7956563
21197,Powell County,-1.246114
21199,Pulaski County,-0.0325188
21201,Robertson County,-3.617044
21203,Rockcastle County,-0.2108338
21205,Rowan County,-0.4406702
21207,Russell County,-0.9837246
21209,Scott County,-1.274827
21211,Shelby County,-1.093817
21213,Simpson County,-1.38434
21215,Spencer County,-1.73614
21217,Taylor County,-0.3836024
21219,Todd County,-0.4019547
21221,Trigg County,-0.2786817
21223,Trimble County,-2.984428
21225,Union County,0.1315162
21227,Warren County,-0.0114183
21229,Washington County,-1.216994
21231,Wayne County,-1.229386
21233,Webster County,-1.615397
21235,Whitley County,-0.3463309
21237,Wolfe County,-2.001744
21239,Woodford County,-1.042104
22000,Louisiana,0.5143613
22001,Acadia Parish,-0.25537
22003,Allen Parish,-0.3116499
22005,Ascension Parish,-1.498731
22007,Assumption Parish,0.5580917
22009,Avoyelles Parish,-0.0881351
22011,Beauregard Parish,-0.3452537
22013,Bienville Parish,-0.5026494
22015,Bossier Parish,-0.3084276
22017,Caddo Parish,0.3332686
22019,Calcasieu Parish,-0.3206907
22021,Caldwell Parish,-0.2383329
22023,Cameron Parish,-1.528832
22025,Catahoula Parish,-0.7884661
22027,Claiborne Parish,-0.9825756
22029,Concordia Parish,0.5100028
22031,De Soto Parish,-1.397196
22033,East Baton Rouge Parish,0.8161277
22035,East Carroll Parish,0.2008644
22037,East Feliciana Parish,0.0445658
22039,Evangeline Parish,1.521231
22041,Franklin Parish,0.0619914
22043,Grant Parish,-0.9023767
22045,Iberia Parish,-0.7460983
22047,Iberville Parish,-1.560707
22049,Jackson Parish,0.1034414
22051,Jefferson Parish,0.3193721
22053,Jefferson Davis Parish,0.9063368
22055,Lafayette Parish,0.4442655
22057,Lafourche Parish,-0.7794016
22059,LaSalle Parish,-1.298424
22061,Lincoln Parish,-0.1846642
22063,Livingston Parish,-0.857539
22065,Madison Parish,0.524237
22067,Morehouse Parish,0.9394169
22069,Natchitoches Parish,0.0074205
22071,Orleans Parish,0.9329381
22073,Ouachita Parish,0.7080352
22075,Plaquemines Parish,-1.292914
22077,Pointe Coupee Parish,-0.3375687
22079,Rapides Parish,0.6256797
22081,Red River Parish,-0.9862115
22083,Richland Parish,1.371949
22085,Sabine Parish,-0.0352795
22087,St. Bernard Parish,-0.6485132
22089,St. Charles Parish,-0.3129555
22091,St. Helena Parish,-1.392478
22093,St. James Parish,-1.565986
22095,St. John the Baptist Parish,-1.145782
22097,St. Landry Parish,0.2823935
22099,St. Martin Parish,-0.2652024
22101,St. Mary Parish,-1.150523
22103,St. Tammany Parish,0.3228003
22105,Tangipahoa Parish,-0.2707255
22107,Tensas Parish,-3.14226
22109,Terrebonne Parish,-0.2720345
22111,Union Parish,-1.270692
22113,Vermilion Parish,-0.6314269
22115,Vernon Parish,-0.1892615
22117,Washington Parish,0.4505109
22119,Webster Parish,-0.5903516
22121,West Baton Rouge Parish,-1.745587
22123,West Carroll Parish,-0.6878342
22125,West Feliciana Parish,-1.533037
22127,Winn Parish,0.1104228
23000,Maine,0.8208805
23001,Androscoggin County,0.9345607
23003,Aroostook County,0.440858
23005,Cumberland County,1.206616
23007,Franklin County,-0.1135508
23009,Hancock County,-0.7140464
23011,Kennebec County,0.8602445
23013,Knox County,-0.413997
23015,Lincoln County,-0.6082927
23017,Oxford County,-0.2430777
23019,Penobscot County,0.4157943
23021,Piscataquis County,-1.016467
23023,Sagadahoc County,-0.7136494
23025,Somerset County,0.7459154
23027,Waldo County,0.4252328
23029,Washington County,-0.1353171
23031,York County,-0.5663782
24000,Maryland,1.151089
24001,Allegany County,0.1513802
24003,Anne Arundel County,0.5646456
24005,Baltimore County,1.018344
24009,Calvert County,-0.7976285
24011,Caroline County,-0.0154491
24013,Carroll County,-0.6001538
24015,Cecil County,-0.9249986
24017,Charles County,-0.4556393
24019,Dorchester County,0.1169062
24021,Frederick County,0.4981816
24023,Garrett County,-1.071784
24025,Harford County,-0.0667278
24027,Howard County,1.799783
24029,Kent County,-0.1669721
24031,Montgomery County,1.685914
24033,Prince George's County,0.4455472
24035,Queen Anne's County,-0.3045354
24037,St. Mary's County,1.728477
24039,Somerset County,1.647726
24041,Talbot County,0.0016266
24043,Washington County,0.1469495
24045,Wicomico County,0.7549616
24047,Worcester County,-0.9524625
24510,Baltimore city,1.374542
25000,Massachusetts,1.52209
25001,Barnstable County,-0.0321239
25003,Berkshire County,0.2491209
25005,Bristol County,0.2368837
25007,Dukes County,-0.8302643
25009,Essex County,1.028673
25011,Franklin County,0.4395102
25013,Hampden County,0.6677244
25015,Hampshire County,1.170637
25017,Middlesex County,2.002282
25019,Nantucket County,-2.087069
25021,Norfolk County,1.250952
25023,Plymouth County,0.6864057
25025,Suffolk County,2.108291
25027,Worcester County,1.077259
26000,Michigan,0.6779525
26001,Alcona County,-1.70979
26003,Alger County,-2.247744
26005,Allegan County,-0.8208227
26007,Alpena County,-0.5812661
26009,Antrim County,-1.848188
26011,Arenac County,-1.570744
26013,Baraga County,0.2759692
26015,Barry County,-1.301689
26017,Bay County,-0.0119618
26019,Benzie County,-1.985145
26021,Berrien County,-0.3674555
26023,Branch County,-1.004588
26025,Calhoun County,0.289679
26027,Cass County,-1.382126
26029,Charlevoix County,-0.2421084
26031,Cheboygan County,-1.260024
26033,Chippewa County,0.3648295
26035,Clare County,0.1731502
26037,Clinton County,-0.8163145
26039,Crawford County,-0.8777194
26041,Delta County,0.432825
26043,Dickinson County,0.0627125
26045,Eaton County,0.6434639
26047,Emmet County,-0.9545881
26049,Genesee County,0.6138308
26051,Gladwin County,-0.7392436
26053,Gogebic County,-0.4715367
26055,Grand Traverse County,0.4066939
26057,Gratiot County,-0.2324571
26059,Hillsdale County,0.2442562
26061,Houghton County,-0.1699668
26063,Huron County,0.0176852
26065,Ingham County,1.152215
26067,Ionia County,-1.754001
26069,Iosco County,-1.114658
26071,Iron County,-0.9336991
26073,Isabella County,-0.7233736
26075,Jackson County,0.171086
26077,Kalamazoo County,0.4906869
26079,Kalkaska County,-1.767691
26081,Kent County,0.3915974
26083,Keweenaw County,-2.174573
26085,Lake County,-2.341303
26087,Lapeer County,-1.199601
26089,Leelanau County,-1.027253
26091,Lenawee County,0.0181509
26093,Livingston County,0.2138439
26095,Luce County,-2.073081
26097,Mackinac County,-1.701402
26099,Macomb County,0.4106942
26101,Manistee County,-1.46569
26103,Marquette County,-0.1710921
26105,Mason County,-0.763804
26107,Mecosta County,-0.7644939
26109,Menominee County,-0.2264663
26111,Midland County,0.8889587
26113,Missaukee County,-0.7021813
26115,Monroe County,-0.6987908
26117,Montcalm County,-1.329961
26119,Montmorency County,-2.872875
26121,Muskegon County,-0.5949759
26123,Newaygo County,-0.7260418
26125,Oakland County,1.418568
26127,Oceana County,-0.1977732
26129,Ogemaw County,-1.062145
26131,Ontonagon County,0.344989
26133,Osceola County,0.0055699
26135,Oscoda County,-1.619532
26137,Otsego County,-0.702697
26139,Ottawa County,-0.9085089
26141,Presque Isle County,-0.7500064
26143,Roscommon County,-1.205909
26145,Saginaw County,-0.2460844
26147,St. Clair County,-0.4229493
26149,St. Joseph County,-0.5167228
26151,Sanilac County,-0.3888086
26153,Schoolcraft County,-1.445209
26155,Shiawassee County,-0.4570849
26157,Tuscola County,-1.159086
26159,Van Buren County,-0.6816291
26161,Washtenaw County,1.264392
26163,Wayne County,0.8454113
26165,Wexford County,-0.1024904
27000,Minnesota,1.151987
27001,Aitkin County,0.2028504
27003,Anoka County,0.5701546
27005,Becker County,-0.4343795
27007,Beltrami County,0.5172626
27009,Benton County,-0.0570986
27011,Big Stone County,-0.9204776
27013,Blue Earth County,-0.1559385
27015,Brown County,-0.5034222
27017,Carlton County,0.6518162
27019,Carver County,-0.4154274
27021,Cass County,-0.228025
27023,Chippewa County,0.0192099
27025,Chisago County,0.294737
27027,Clay County,0.3577099
27029,Clearwater County,-2.321532
27031,Cook County,-1.097175
27033,Cottonwood County,-0.994443
27035,Crow Wing County,-0.0266582
27037,Dakota County,1.053727
27039,Dodge County,-1.676013
27041,Douglas County,-0.1802326
27043,Faribault County,0.4673022
27045,Fillmore County,-0.4074319
27047,Freeborn County,-0.1489178
27049,Goodhue County,-0.2028343
27051,Grant County,1.122633
27053,Hennepin County,1.734048
27055,Houston County,-1.375594
27057,Hubbard County,-1.220358
27059,Isanti County,0.8117781
27061,Itasca County,0.4956587
27063,Jackson County,-1.883505
27065,Kanabec County,-1.529652
27067,Kandiyohi County,1.019505
27069,Kittson County,0.8952096
27071,Koochiching County,0.2827089
27073,Lac qui Parle County,-1.570076
27075,Lake County,-0.1058511
27077,Lake of the Woods County,-2.041365
27079,Le Sueur County,0.1735049
27081,Lincoln County,0.4263833
27083,Lyon County,0.1788228
27085,McLeod County,0.2261443
27087,Mahnomen County,-2.046218
27089,Marshall County,1.265252
27091,Martin County,1.035906
27093,Meeker County,-0.8434477
27095,Mille Lacs County,0.6952451
27097,Morrison County,-0.7280805
27099,Mower County,-0.5776504
27101,Murray County,-1.820792
27103,Nicollet County,0.2679343
27105,Nobles County,0.4231686
27107,Norman County,1.673025
27109,Olmsted County,0.1706488
27111,Otter Tail County,-0.4514078
27113,Pennington County,-0.2771281
27115,Pine County,-0.3189867
27117,Pipestone County,-0.3308261
27119,Polk County,-0.3898679
27121,Pope County,-0.9963334
27123,Ramsey County,1.614311
27125,Red Lake County,1.649014
27127,Redwood County,-1.383424
27129,Renville County,-0.6976542
27131,Rice County,-0.414017
27133,Rock County,0.1852909
27135,Roseau County,0.9004617
27137,St. Louis County,0.6442553
27139,Scott County,-0.2716462
27141,Sherburne County,-0.1480944
27143,Sibley County,-0.1802169
27145,Stearns County,0.6775274
27147,Steele County,-0.8365042
27149,Stevens County,-1.333585
27151,Swift County,-0.9336186
27153,Todd County,-2.512091
27155,Traverse County,-2.146555
27157,Wabasha County,0.6447415
27159,Wadena County,-0.8884485
27161,Waseca County,-0.4195181
27163,Washington County,0.7331344
27165,Watonwan County,0.1790663
27167,Wilkin County,1.132602
27169,Winona County,-0.0016997
27171,Wright County,-0.6896124
27173,Yellow Medicine County,-1.426071
28000,Mississippi,0.2472751
28001,Adams County,-0.0202372
28003,Alcorn County,-0.5135942
28005,Amite County,1.08102
28007,Attala County,1.499951
28009,Benton County,1.858945
28011,Bolivar County,0.5171586
28013,Calhoun County,-2.09193
28015,Carroll County,1.373388
28017,Chickasaw County,-0.3392566
28019,Choctaw County,-0.4499534
28021,Claiborne County,-0.5850254
28023,Clarke County,-0.571949
28025,Clay County,0.4641019
28027,Coahoma County,-0.2474296
28029,Copiah County,2.43325
28031,Covington County,0.2179442
28033,DeSoto County,-1.496106
28035,Forrest County,0.6342658
28037,Franklin County,-1.175533
28039,George County,-0.3317573
28041,Greene County,1.809171
28043,Grenada County,0.0840184
28045,Hancock County,0.6290666
28047,Harrison County,-0.8893676
28049,Hinds County,1.24221
28051,Holmes County,1.903795
28053,Humphreys County,-1.049742
28055,Issaquena County,2.997248
28057,Itawamba County,-1.297134
28059,Jackson County,-0.5256725
28061,Jasper County,-1.228155
28063,Jefferson County,1.477012
28065,Jefferson Davis County,0.0882611
28067,Jones County,0.0541484
28069,Kemper County,-0.1755505
28071,Lafayette County,-0.0941501
28073,Lamar County,1.101456
28075,Lauderdale County,-0.1288052
28077,Lawrence County,-1.309418
28079,Leake County,-1.049685
28081,Lee County,0.3415482
28083,Leflore County,0.3010536
28085,Lincoln County,0.9045178
28087,Lowndes County,-0.6905279
28089,Madison County,0.6609792
28091,Marion County,-0.2059593
28093,Marshall County,-2.483632
28095,Monroe County,0.3365711
28097,Montgomery County,-2.14437
28099,Neshoba County,-0.8655812
28101,Newton County,1.785378
28103,Noxubee County,-2.512167
28105,Oktibbeha County,-0.9253734
28107,Panola County,0.2742303
28109,Pearl River County,1.733914
28111,Perry County,-1.634706
28113,Pike County,0.2691629
28115,Pontotoc County,-1.549193
28117,Prentiss County,-0.8397005
28119,Quitman County,1.576934
28121,Rankin County,0.2179989
28123,Scott County,-3.87121
28125,Sharkey County,0.452004
28127,Simpson County,2.305333
28129,Smith County,-1.088369
28131,Stone County,-1.766546
28133,Sunflower County,1.31352
28135,Tallahatchie County,-0.8348505
28137,Tate County,1.081511
28139,Tippah County,0.2614369
28141,Tishomingo County,0.1474863
28143,Tunica County,-2.558058
28145,Union County,0.3391256
28147,Walthall County,-0.7360268
28149,Warren County,0.4616148
28151,Washington County,0.5476496
28153,Wayne County,-0.5987041
28155,Webster County,1.105959
28157,Wilkinson County,1.850108
28159,Winston County,1.071475
28161,Yalobusha County,-1.510961
28163,Yazoo County,0.8406424
29000,Missouri,0.9743246
29001,Adair County,0.5066884
29003,Andrew County,1.65775
29005,Atchison County,-1.869242
29007,Audrain County,-0.0655689
29009,Barry County,-1.815528
29011,Barton County,1.03191
29013,Bates County,0.2959914
29015,Benton County,0.5809529
29017,Bollinger County,0.0472826
29019,Boone County,0.7089807
29021,Buchanan County,-0.4144354
29023,Butler County,0.278299
29025,Caldwell County,1.817998
29027,Callaway County,-0.9148151
29029,Camden County,-0.3218921
29031,Cape Girardeau County,0.2024795
29033,Carroll County,-0.7889135
29035,Carter County,0.8102919
29037,Cass County,-0.4933341
29039,Cedar County,-0.9967691
29041,Chariton County,-0.7271847
29043,Christian County,-0.6521218
29045,Clark County,0.7936788
29047,Clay County,0.7318134
29049,Clinton County,1.640165
29051,Cole County,0.876232
29053,Cooper County,-1.674516
29055,Crawford County,0.515132
29057,Dade County,0.9775099
29059,Dallas County,-0.0949054
29061,Daviess County,-1.237463
29063,DeKalb County,-0.2956621
29065,Dent County,0.6250486
29067,Douglas County,-0.9906551
29069,Dunklin County,1.177215
29071,Franklin County,0.0458878
29073,Gasconade County,0.2673366
29075,Gentry County,1.627692
29077,Greene County,0.630089
29079,Grundy County,1.736628
29081,Harrison County,-0.9702826
29083,Henry County,0.3126774
29085,Hickory County,-0.9583749
29087,Holt County,-0.0971206
29089,Howard County,0.4964532
29091,Howell County,0.3091126
29093,Iron County,1.988915
29095,Jackson County,1.396885
29097,Jasper County,0.2416606
29099,Jefferson County,0.0655904
29101,Johnson County,-0.720461
29103,Knox County,-1.541345
29105,Laclede County,-0.4302211
29107,Lafayette County,-0.7041966
29109,Lawrence County,0.5729766
29111,Lewis County,1.039337
29113,Lincoln County,0.1043119
29115,Linn County,-1.175143
29117,Livingston County,-0.9219671
29119,McDonald County,-0.8248907
29121,Macon County,0.1674853
29123,Madison County,2.106236
29125,Maries County,-0.3607753
29127,Marion County,0.333647
29129,Mercer County,-1.702868
29131,Miller County,-1.380226
29133,Mississippi County,0.5760196
29135,Moniteau County,0.8736004
29137,Monroe County,1.006428
29139,Montgomery County,0.0048699
29141,Morgan County,-1.669961
29143,New Madrid County,-0.3428264
29145,Newton County,-0.6960422
29147,Nodaway County,0.5459306
29149,Oregon County,1.010756
29151,Osage County,-1.609172
29153,Ozark County,-1.695502
29155,Pemiscot County,1.451382
29157,Perry County,-0.2328148
29159,Pettis County,-0.0157524
29161,Phelps County,0.4028086
29163,Pike County,-0.0098458
29165,Platte County,0.5322044
29167,Polk County,-0.5160624
29169,Pulaski County,-0.4862347
29171,Putnam County,-0.525672
29173,Ralls County,-2.176443
29175,Randolph County,0.2955545
29177,Ray County,-0.8218218
29179,Reynolds County,-0.8161946
29181,Ripley County,1.674613
29183,St. Charles County,0.4136724
29185,St. Clair County,1.035049
29186,Ste. Genevieve County,-1.220178
29187,St. Francois County,0.9581311
29189,St. Louis County,1.377627
29195,Saline County,0.1582079
29197,Schuyler County,-0.8310286
29199,Scotland County,-0.5142389
29201,Scott County,-0.0351099
29203,Shannon County,-2.501531
29205,Shelby County,1.692628
29207,Stoddard County,0.8561209
29209,Stone County,0.0037843
29211,Sullivan County,-1.997958
29213,Taney County,-0.5062328
29215,Texas County,1.013938
29217,Vernon County,-0.9809976
29219,Warren County,-1.319645
29221,Washington County,1.780372
29223,Wayne County,2.331949
29225,Webster County,-0.2793332
29227,Worth County,-3.617044
29229,Wright County,-0.3535424
29510,St. Louis city,1.473698
30000,Montana,0.5933803
30001,Beaverhead County,-0.0292186
30003,Big Horn County,1.752301
30005,Blaine County,0.6511394
30007,Broadwater County,-2.126682
30009,Carbon County,0.1733068
30011,Carter County,-3.204884
30013,Cascade County,0.6259876
30015,Chouteau County,-1.319082
30017,Custer County,-0.4252323
30019,Daniels County,-0.1467868
30021,Dawson County,-0.5326248
30023,Deer Lodge County,-0.617763
30025,Fallon County,-1.835243
30027,Fergus County,0.0997955
30029,Flathead County,-0.0024652
30031,Gallatin County,0.2096563
30033,Garfield County,3.306951
30035,Glacier County,1.966959
30037,Golden Valley County,-2.89491
30039,Granite County,0.798301
30041,Hill County,0.6632368
30043,Jefferson County,0.058195
30045,Judith Basin County,2.284081
30047,Lake County,-0.5836265
30049,Lewis and Clark County,1.091522
30051,Liberty County,-5.677645
30053,Lincoln County,0.2635287
30055,McCone County,-5.058617
30057,Madison County,-1.977804
30059,Meagher County,-3.390796
30061,Mineral County,0.3329635
30063,Missoula County,0.5355934
30065,Musselshell County,-2.040531
30067,Park County,-0.526921
30069,Petroleum County,1.782378
30071,Phillips County,1.389096
30073,Pondera County,0.848982
30075,Powder River County,-2.203988
30077,Powell County,0.9320993
30079,Prairie County,-3.617044
30081,Ravalli County,-0.3123501
30083,Richland County,-0.754249
30085,Roosevelt County,-1.126778
30087,Rosebud County,0.8631339
30089,Sanders County,-0.1078416
30091,Sheridan County,-0.7633571
30093,Silver Bow County,0.2282567
30095,Stillwater County,-1.303148
30097,Sweet Grass County,-1.167594
30099,Teton County,-0.4170884
30101,Toole County,-1.13326
30103,Treasure County,-3.617044
30105,Valley County,0.5598606
30107,Wheatland County,-1.41914
30109,Wibaux County,-3.617044
30111,Yellowstone County,-0.0362128
31000,Nebraska,0.8860975
31001,Adams County,0.0334111
31003,Antelope County,1.577376
31005,Arthur County,-3.617044
31007,Banner County,-3.617044
31009,Blaine County,-3.617044
31011,Boone County,-0.6390617
31013,Box Butte County,-0.9270582
31015,Boyd County,-3.330851
31017,Brown County,-0.8732206
31019,Buffalo County,0.0213295
31021,Burt County,-1.262122
31023,Butler County,-1.184397
31025,Cass County,0.3421865
31027,Cedar County,0.9627733
31029,Chase County,-1.499668
31031,Cherry County,0.4852655
31033,Cheyenne County,1.473381
31035,Clay County,2.165618
31037,Colfax County,1.442986
31039,Cuming County,-0.8250769
31041,Custer County,0.432777
31043,Dakota County,-0.1694234
31045,Dawes County,0.6233058
31047,Dawson County,-0.5690572
31049,Deuel County,-0.3874719
31051,Dixon County,-3.600503
31053,Dodge County,-0.8876082
31055,Douglas County,1.371574
31057,Dundy County,-3.273914
31059,Fillmore County,-1.56541
31061,Franklin County,-0.6092492
31063,Frontier County,3.512216
31065,Furnas County,0.6017287
31067,Gage County,0.0778882
31069,Garden County,-3.617044
31071,Garfield County,-1.972207
31073,Gosper County,-2.839392
31075,Grant County,-3.617044
31077,Greeley County,-0.0428422
31079,Hall County,0.2435865
31081,Hamilton County,1.209833
31083,Harlan County,0.8247342
31085,Hayes County,3.178065
31087,Hitchcock County,1.070513
31089,Holt County,0.4584318
31091,Hooker County,-3.617044
31093,Howard County,-0.8899502
31095,Jefferson County,-1.307804
31097,Johnson County,-1.428844
31099,Kearney County,-0.979801
31101,Keith County,-1.405682
31103,Keya Paha County,-3.617044
31105,Kimball County,-2.102087
31107,Knox County,1.437113
31109,Lancaster County,0.799482
31111,Lincoln County,0.5753078
31113,Logan County,-3.617044
31115,Loup County,-3.617044
31117,McPherson County,-3.617044
31119,Madison County,0.1625187
31121,Merrick County,-0.4166937
31123,Morrill County,-1.442837
31125,Nance County,-1.442168
31127,Nemaha County,-0.7916978
31129,Nuckolls County,-1.687533
31131,Otoe County,-0.7501058
31133,Pawnee County,-2.510154
31135,Perkins County,0.6351798
31137,Phelps County,0.2780767
31139,Pierce County,0.9382927
31141,Platte County,-0.0681369
31143,Polk County,-1.703652
31145,Red Willow County,0.2894276
31147,Richardson County,1.213666
31149,Rock County,-3.617044
31151,Saline County,1.730252
31153,Sarpy County,0.1452215
31155,Saunders County,0.1098839
31157,Scotts Bluff County,0.9036314
31159,Seward County,0.0102053
31161,Sheridan County,2.910467
31163,Sherman County,1.140153
31165,Sioux County,0.9807903
31167,Stanton County,-1.032554
31169,Thayer County,-0.6374243
31171,Thomas County,-3.617044
31173,Thurston County,3.754268
31175,Valley County,0.0246732
31177,Washington County,-0.5241648
31179,Wayne County,0.773015
31181,Webster County,-1.146641
31183,Wheeler County,-3.399289
31185,York County,-0.6815003
32000,Nevada,-0.0579104
32001,Churchill County,-0.7686665
32003,Clark County,-0.2982186
32005,Douglas County,-0.7311259
32007,Elko County,-1.195708
32009,Esmeralda County,-3.617044
32011,Eureka County,-3.617044
32013,Humboldt County,-1.71889
32015,Lander County,-2.251898
32017,Lincoln County,-1.954449
32019,Lyon County,-1.132674
32021,Mineral County,-2.380522
32023,Nye County,-1.049122
32027,Pershing County,-2.044271
32029,Storey County,-4.156415
32031,Washoe County,-0.1714805
32033,White Pine County,-1.768028
32510,Carson City,0.3633665
33000,New Hampshire,0.9080961
33001,Belknap County,-0.3167297
33003,Carroll County,-0.7609923
33005,Cheshire County,0.261554
33007,Coos County,-0.3624463
33009,Grafton County,0.7907141
33011,Hillsborough County,1.072693
33013,Merrimack County,1.286094
33015,Rockingham County,0.6345769
33017,Strafford County,0.6485676
33019,Sullivan County,-0.5538159
34000,New Jersey,1.116536
34001,Atlantic County,-0.2044467
34003,Bergen County,1.205444
34005,Burlington County,1.078299
34007,Camden County,0.9368281
34009,Cape May County,-0.5323268
34011,Cumberland County,-0.4669169
34013,Essex County,1.144296
34015,Gloucester County,-0.1602323
34017,Hudson County,1.154533
34019,Hunterdon County,0.1887645
34021,Mercer County,1.488104
34023,Middlesex County,0.581817
34025,Monmouth County,0.934987
34027,Morris County,1.666306
34029,Ocean County,0.7841991
34031,Passaic County,0.8023503
34033,Salem County,0.3382156
34035,Somerset County,1.84463
34037,Sussex County,0.158843
34039,Union County,0.9524964
34041,Warren County,1.074709
35000,New Mexico,0.9067282
35001,Bernalillo County,0.9883687
35003,Catron County,1.596555
35005,Chaves County,0.3223734
35006,Cibola County,0.7925297
35007,Colfax County,-1.227419
35009,Curry County,-0.3509475
35011,De Baca County,-2.96643
35013,Doña Ana County,0.3700291
35015,Eddy County,-0.8729804
35017,Grant County,-0.3498861
35019,Guadalupe County,-1.695645
35021,Harding County,-3.617044
35023,Hidalgo County,-1.236719
35025,Lea County,-1.541441
35027,Lincoln County,-1.393019
35028,Los Alamos County,1.471379
35029,Luna County,-1.003625
35031,McKinley County,1.224258
35033,Mora County,1.624342
35035,Otero County,-0.2941941
35037,Quay County,-1.695871
35039,Rio Arriba County,0.0268563
35041,Roosevelt County,-1.254093
35043,Sandoval County,1.379215
35045,San Juan County,-0.4208919
35047,San Miguel County,1.559104
35049,Santa Fe County,0.3487642
35051,Sierra County,0.5813355
35053,Socorro County,0.2800466
35055,Taos County,-0.3731078
35057,Torrance County,-0.4991556
35059,Union County,-1.113143
35061,Valencia County,0.3292538
36000,New York,1.495785
36001,Albany County,1.776388
36003,Allegany County,1.036726
36005,Bronx County,1.719836
36007,Broome County,0.8343263
36009,Cattaraugus County,0.8365313
36011,Cayuga County,0.5599989
36013,Chautauqua County,0.5408338
36015,Chemung County,-0.2997629
36017,Chenango County,-0.213108
36019,Clinton County,0.7235957
36021,Columbia County,-0.1866593
36023,Cortland County,-0.2474734
36025,Delaware County,0.0919739
36027,Dutchess County,1.207189
36029,Erie County,1.309304
36031,Essex County,0.1704043
36033,Franklin County,1.4597
36035,Fulton County,1.09534
36037,Genesee County,0.6381077
36039,Greene County,0.0408174
36041,Hamilton County,-1.111482
36043,Herkimer County,0.6298192
36045,Jefferson County,1.053464
36047,Kings County,1.547193
36049,Lewis County,0.674904
36051,Livingston County,0.1378554
36053,Madison County,-0.5321351
36055,Monroe County,1.543103
36057,Montgomery County,0.9491154
36059,Nassau County,1.306539
36061,New York County,2.207749
36063,Niagara County,0.6118563
36065,Oneida County,1.243595
36067,Onondaga County,1.118975
36069,Ontario County,0.6340749
36071,Orange County,1.027574
36073,Orleans County,0.8030286
36075,Oswego County,0.7592489
36077,Otsego County,0.6802959
36079,Putnam County,0.1129274
36081,Queens County,0.8583537
36083,Rensselaer County,1.102483
36085,Richmond County,1.060735
36087,Rockland County,1.143039
36089,St. Lawrence County,1.128888
36091,Saratoga County,0.2133433
36093,Schenectady County,0.8448889
36095,Schoharie County,0.821717
36097,Schuyler County,-1.129428
36099,Seneca County,-0.2075668
36101,Steuben County,1.47324
36103,Suffolk County,0.8620479
36105,Sullivan County,1.088626
36107,Tioga County,0.9496377
36109,Tompkins County,1.044104
36111,Ulster County,0.6563448
36113,Warren County,0.3429699
36115,Washington County,-0.7148882
36117,Wayne County,1.059522
36119,Westchester County,1.142938
36121,Wyoming County,1.434488
36123,Yates County,-1.224932
37000,North Carolina,0.737784
37001,Alamance County,-0.6217759
37003,Alexander County,0.7599325
37005,Alleghany County,-0.4121615
37007,Anson County,-0.4020908
37009,Ashe County,1.175677
37011,Avery County,-0.5998318
37013,Beaufort County,-0.0901621
37015,Bertie County,-0.2342352
37017,Bladen County,-2.516744
37019,Brunswick County,-0.8240854
37021,Buncombe County,0.3387674
37023,Burke County,-0.2283636
37025,Cabarrus County,0.1753862
37027,Caldwell County,0.8698047
37029,Camden County,-1.979928
37031,Carteret County,-0.6988996
37033,Caswell County,1.089518
37035,Catawba County,0.0897645
37037,Chatham County,-0.0705954
37039,Cherokee County,-0.0849225
37041,Chowan County,-0.0706367
37043,Clay County,0.196499
37045,Cleveland County,0.204109
37047,Columbus County,0.4215014
37049,Craven County,0.557133
37051,Cumberland County,0.2378377
37053,Currituck County,-0.3024246
37055,Dare County,-1.607141
37057,Davidson County,-1.07722
37059,Davie County,0.5420153
37061,Duplin County,-3.043036
37063,Durham County,1.553184
37065,Edgecombe County,0.3029365
37067,Forsyth County,0.8649819
37069,Franklin County,-0.4165701
37071,Gaston County,-0.6461952
37073,Gates County,2.224308
37075,Graham County,-0.1929086
37077,Granville County,-0.9160895
37079,Greene County,-0.6486601
37081,Guilford County,0.2688014
37083,Halifax County,0.0032526
37085,Harnett County,0.1736962
37087,Haywood County,-0.2625377
37089,Henderson County,-0.1321889
37091,Hertford County,0.5794476
37093,Hoke County,-0.1936069
37095,Hyde County,1.258722
37097,Iredell County,-0.4371137
37099,Jackson County,-0.6269118
37101,Johnston County,-0.3135903
37103,Jones County,-2.179946
37105,Lee County,0.1583739
37107,Lenoir County,-0.1941627
37109,Lincoln County,-0.169987
37111,McDowell County,-0.0224806
37113,Macon County,-0.3759997
37115,Madison County,0.4310794
37117,Martin County,1.630332
37119,Mecklenburg County,0.9888068
37121,Mitchell County,1.150269
37123,Montgomery County,-1.813126
37125,Moore County,0.1040792
37127,Nash County,-0.2706023
37129,New Hanover County,0.1449302
37131,Northampton County,-2.022915
37133,Onslow County,-0.1874159
37135,Orange County,1.003948
37137,Pamlico County,0.611318
37139,Pasquotank County,-0.187605
37141,Pender County,-0.9518914
37143,Perquimans County,1.557545
37145,Person County,1.045172
37147,Pitt County,-0.0287307
37149,Polk County,-0.1313035
37151,Randolph County,-0.3554813
37153,Richmond County,-0.5116749
37155,Robeson County,0.4382734
37157,Rockingham County,-0.2885241
37159,Rowan County,0.0449638
37161,Rutherford County,-0.1178116
37163,Sampson County,-1.146077
37165,Scotland County,0.4694594
37167,Stanly County,-0.1407531
37169,Stokes County,-1.867985
37171,Surry County,0.0945768
37173,Swain County,-0.5688083
37175,Transylvania County,-0.2003811
37177,Tyrrell County,3.345985
37179,Union County,-0.1987597
37181,Vance County,0.6783912
37183,Wake County,1.231514
37185,Warren County,0.1596991
37187,Washington County,1.569554
37189,Watauga County,-0.6562041
37191,Wayne County,0.1013543
37193,Wilkes County,0.0421349
37195,Wilson County,0.4367777
37197,Yadkin County,0.0230777
37199,Yancey County,-1.337333
38000,North Dakota,0.5213218
38001,Adams County,-0.7960379
38003,Barnes County,0.4927672
38005,Benson County,2.693348
38007,Billings County,1.268155
38009,Bottineau County,-1.24957
38011,Bowman County,0.5504352
38013,Burke County,-0.4378007
38015,Burleigh County,0.2684921
38017,Cass County,0.6683464
38019,Cavalier County,-2.110854
38021,Dickey County,-0.2573042
38023,Divide County,-2.315059
38025,Dunn County,-0.5890199
38027,Eddy County,-0.4624721
38029,Emmons County,-0.516779
38031,Foster County,-0.5107794
38033,Golden Valley County,0.2128841
38035,Grand Forks County,0.1760474
38037,Grant County,-1.957587
38039,Griggs County,-3.252316
38041,Hettinger County,0.9042864
38043,Kidder County,-2.420446
38045,LaMoure County,1.595811
38047,Logan County,0.7314255
38049,McHenry County,1.721971
38051,McIntosh County,-2.119534
38053,McKenzie County,-1.730729
38055,McLean County,1.761066
38057,Mercer County,-1.148861
38059,Morton County,-0.1417694
38061,Mountrail County,-1.412776
38063,Nelson County,-1.504243
38065,Oliver County,-3.617044
38067,Pembina County,-1.436744
38069,Pierce County,-1.179219
38071,Ramsey County,-0.6481674
38073,Ransom County,0.7659271
38075,Renville County,-0.2025179
38077,Richland County,0.2760759
38079,Rolette County,2.281187
38081,Sargent County,-1.654536
38083,Sheridan County,2.372382
38085,Sioux County,2.526535
38087,Slope County,0.3938733
38089,Stark County,-0.8070489
38091,Steele County,-2.726156
38093,Stutsman County,-0.6662157
38095,Towner County,0.2132688
38097,Traill County,-1.444765
38099,Walsh County,1.399112
38101,Ward County,-0.3780397
38103,Wells County,-1.847366
38105,Williams County,-1.156483
39000,Ohio,0.8504633
39001,Adams County,0.9177147
39003,Allen County,-0.0713126
39005,Ashland County,-0.0298282
39007,Ashtabula County,-0.4205698
39009,Athens County,0.4545668
39011,Auglaize County,-0.0311915
39013,Belmont County,-0.7362172
39015,Brown County,0.9446995
39017,Butler County,0.2903133
39019,Carroll County,0.4048666
39021,Champaign County,-0.9317925
39023,Clark County,0.094285
39025,Clermont County,-0.2206754
39027,Clinton County,0.6735587
39029,Columbiana County,-0.069901
39031,Coshocton County,0.6418668
39033,Crawford County,-0.1181481
39035,Cuyahoga County,1.340721
39037,Darke County,-0.6727748
39039,Defiance County,0.1248772
39041,Delaware County,1.112499
39043,Erie County,-0.699226
39045,Fairfield County,-0.9415966
39047,Fayette County,-0.9916787
39049,Franklin County,1.234073
39051,Fulton County,-0.6285374
39053,Gallia County,0.5018598
39055,Geauga County,-0.1047071
39057,Greene County,1.359633
39059,Guernsey County,0.1412918
39061,Hamilton County,1.226418
39063,Hancock County,0.2777578
39065,Hardin County,0.6583952
39067,Harrison County,1.597713
39069,Henry County,-1.487432
39071,Highland County,-0.826589
39073,Hocking County,0.7670281
39075,Holmes County,-1.414426
39077,Huron County,-0.5040581
39079,Jackson County,0.2413871
39081,Jefferson County,0.1574671
39083,Knox County,-0.7206973
39085,Lake County,0.0120785
39087,Lawrence County,0.0316189
39089,Licking County,0.3909966
39091,Logan County,-1.8861
39093,Lorain County,0.092541
39095,Lucas County,0.7105027
39097,Madison County,-1.47957
39099,Mahoning County,0.3578807
39101,Marion County,-0.7787665
39103,Medina County,-0.1605433
39105,Meigs County,0.2948133
39107,Mercer County,-0.7296687
39109,Miami County,-0.5864631
39111,Monroe County,0.0823113
39113,Montgomery County,1.06565
39115,Morgan County,-0.7554042
39117,Morrow County,1.064255
39119,Muskingum County,-0.173379
39121,Noble County,-0.1545872
39123,Ottawa County,-0.768718
39125,Paulding County,-1.580644
39127,Perry County,1.252432
39129,Pickaway County,-0.9376509
39131,Pike County,0.9846624
39133,Portage County,-0.0196519
39135,Preble County,-0.8746852
39137,Putnam County,-1.16383
39139,Richland County,0.2531373
39141,Ross County,-0.2859379
39143,Sandusky County,-0.2044936
39145,Scioto County,0.2188633
39147,Seneca County,-0.8103328
39149,Shelby County,-0.857488
39151,Stark County,0.5674732
39153,Summit County,1.026396
39155,Trumbull County,0.2432549
39157,Tuscarawas County,-0.8380526
39159,Union County,-0.8458736
39161,Van Wert County,-0.6820729
39163,Vinton County,3.131063
39165,Warren County,0.8433753
39167,Washington County,-0.3563929
39169,Wayne County,-0.4676629
39171,Williams County,-0.4119499
39173,Wood County,-0.5791731
39175,Wyandot County,-0.4137086
40000,Oklahoma,0.6217622
40001,Adair County,-0.8652801
40003,Alfalfa County,1.966208
40005,Atoka County,0.1645585
40007,Beaver County,-2.816472
40009,Beckham County,-0.8861846
40011,Blaine County,-0.4841432
40013,Bryan County,1.257151
40015,Caddo County,-0.5727186
40017,Canadian County,-0.0071005
40019,Carter County,-0.4056426
40021,Cherokee County,0.5957406
40023,Choctaw County,2.517017
40025,Cimarron County,-1.718186
40027,Cleveland County,0.3524664
40029,Coal County,1.608206
40031,Comanche County,0.8246637
40033,Cotton County,1.639228
40035,Craig County,0.4516353
40037,Creek County,0.005118
40039,Custer County,-0.4151266
40041,Delaware County,-0.101911
40043,Dewey County,-2.024826
40045,Ellis County,-0.5668872
40047,Garfield County,-0.4377077
40049,Garvin County,-0.0176276
40051,Grady County,-0.7655112
40053,Grant County,0.232031
40055,Greer County,-2.337974
40057,Harmon County,-0.2375744
40059,Harper County,-0.1479292
40061,Haskell County,0.7876878
40063,Hughes County,-1.013769
40065,Jackson County,-0.9378394
40067,Jefferson County,-1.44647
40069,Johnston County,-0.9469092
40071,Kay County,0.1479606
40073,Kingfisher County,-1.132417
40075,Kiowa County,-1.255482
40077,Latimer County,0.7557375
40079,Le Flore County,-0.4750789
40081,Lincoln County,-0.6922175
40083,Logan County,-0.466039
40085,Love County,-0.0491691
40087,McClain County,0.0091223
40089,McCurtain County,0.4438547
40091,McIntosh County,-0.7210381
40093,Major County,-1.192399
40095,Marshall County,-1.847301
40097,Mayes County,0.1514379
40099,Murray County,0.1308943
40101,Muskogee County,0.0838088
40103,Noble County,1.200539
40105,Nowata County,1.601332
40107,Okfuskee County,-1.400848
40109,Oklahoma County,0.8272668
40111,Okmulgee County,0.8399296
40113,Osage County,0.895198
40115,Ottawa County,0.5138761
40117,Pawnee County,-0.7174527
40119,Payne County,-0.6195803
40121,Pittsburg County,0.1039242
40123,Pontotoc County,0.0960817
40125,Pottawatomie County,0.2774415
40127,Pushmataha County,2.405175
40129,Roger Mills County,-0.893559
40131,Rogers County,-0.3172155
40133,Seminole County,-1.478234
40135,Sequoyah County,1.333185
40137,Stephens County,-0.9150488
40139,Texas County,-1.031034
40141,Tillman County,-1.650655
40143,Tulsa County,0.8560282
40145,Wagoner County,-1.363339
40147,Washington County,-0.6278032
40149,Washita County,-1.034273
40151,Woods County,1.255343
40153,Woodward County,-0.6303738
41000,Oregon,0.7985942
41001,Baker County,0.5350417
41003,Benton County,0.6086581
41005,Clackamas County,0.4997732
41007,Clatsop County,-0.9614145
41009,Columbia County,-0.5014123
41011,Coos County,-0.0573208
41013,Crook County,-0.6515591
41015,Curry County,-0.2421414
41017,Deschutes County,0.3982899
41019,Douglas County,0.098389
41021,Gilliam County,-0.6009915
41023,Grant County,0.1395288
41025,Harney County,0.7559447
41027,Hood River County,-0.2374581
41029,Jackson County,0.4378672
41031,Jefferson County,-0.6984327
41033,Josephine County,0.5559232
41035,Klamath County,0.6360817
41037,Lake County,-1.232278
41039,Lane County,0.5323278
41041,Lincoln County,-0.7665588
41043,Linn County,-0.8848737
41045,Malheur County,0.2033824
41047,Marion County,0.1734116
41049,Morrow County,-1.859741
41051,Multnomah County,1.144811
41053,Polk County,0.243064
41055,Sherman County,0.9127235
41057,Tillamook County,-1.063597
41059,Umatilla County,-0.6897933
41061,Union County,0.5946382
41063,Wallowa County,-0.1905513
41065,Wasco County,0.2124495
41067,Washington County,1.091515
41069,Wheeler County,2.732815
41071,Yamhill County,-0.4976713
42000,Pennsylvania,1.014222
42001,Adams County,-0.5814728
42003,Allegheny County,1.611413
42005,Armstrong County,0.1724817
42007,Beaver County,0.233964
42009,Bedford County,-0.6908658
42011,Berks County,0.5688583
42013,Blair County,0.2506059
42015,Bradford County,0.3704258
42017,Bucks County,0.5256001
42019,Butler County,0.6061382
42021,Cambria County,1.088309
42023,Cameron County,-1.950007
42025,Carbon County,-0.0601339
42027,Centre County,0.4581819
42029,Chester County,1.526151
42031,Clarion County,0.169894
42033,Clearfield County,0.6660457
42035,Clinton County,-1.445093
42037,Columbia County,0.0627512
42039,Crawford County,-0.2263685
42041,Cumberland County,0.7229108
42043,Dauphin County,1.142798
42045,Delaware County,1.293192
42047,Elk County,-0.2871073
42049,Erie County,0.1112124
42051,Fayette County,0.2347537
42053,Forest County,1.060222
42055,Franklin County,-0.8302689
42057,Fulton County,0.2052083
42059,Greene County,-0.7425004
42061,Huntingdon County,0.4374221
42063,Indiana County,0.5877873
42065,Jefferson County,-0.2282963
42067,Juniata County,-1.075851
42069,Lackawanna County,0.9083721
42071,Lancaster County,0.2194612
42073,Lawrence County,0.0810467
42075,Lebanon County,-0.872704
42077,Lehigh County,0.413768
42079,Luzerne County,0.1755604
42081,Lycoming County,0.4239298
42083,McKean County,0.3531668
42085,Mercer County,0.367701
42087,Mifflin County,0.3202614
42089,Monroe County,-0.0587725
42091,Montgomery County,1.338197
42093,Montour County,0.4108782
42095,Northampton County,0.1648864
42097,Northumberland County,0.4261402
42099,Perry County,0.5022238
42101,Philadelphia County,1.808488
42103,Pike County,0.9062269
42105,Potter County,-0.6398677
42107,Schuylkill County,-0.7710122
42109,Snyder County,-0.1832096
42111,Somerset County,-0.4198339
42113,Sullivan County,-0.4957607
42115,Susquehanna County,-0.7496099
42117,Tioga County,0.3273668
42119,Union County,-0.1428908
42121,Venango County,0.0463452
42123,Warren County,1.033259
42125,Washington County,0.4877195
42127,Wayne County,-0.1355125
42129,Westmoreland County,0.2445782
42131,Wyoming County,-0.2230278
42133,York County,0.1986578
44000,Rhode Island,1.003802
44001,Bristol County,-0.7052448
44003,Kent County,0.746397
44005,Newport County,0.3848138
44007,Providence County,1.247682
44009,Washington County,-0.1814999
45000,South Carolina,0.1655533
45001,Abbeville County,-1.961834
45003,Aiken County,-0.5720842
45005,Allendale County,-0.8485224
45007,Anderson County,-0.1946463
45009,Bamberg County,-0.4357174
45011,Barnwell County,0.4329483
45013,Beaufort County,-0.3123442
45015,Berkeley County,0.1486924
45017,Calhoun County,-0.8739296
45019,Charleston County,0.4847376
45021,Cherokee County,-1.445685
45023,Chester County,-0.5701052
45025,Chesterfield County,-0.3946114
45027,Clarendon County,1.459808
45029,Colleton County,-0.7416608
45031,Darlington County,-0.565726
45033,Dillon County,1.573308
45035,Dorchester County,-0.7425992
45037,Edgefield County,-2.039132
45039,Fairfield County,0.3295562
45041,Florence County,0.3580071
45043,Georgetown County,-0.0349092
45045,Greenville County,0.6773237
45047,Greenwood County,0.0349221
45049,Hampton County,-1.954828
45051,Horry County,-0.7732931
45053,Jasper County,-1.362022
45055,Kershaw County,-0.6023132
45057,Lancaster County,0.5196056
45059,Laurens County,-0.8276108
45061,Lee County,2.298355
45063,Lexington County,0.1685179
45065,McCormick County,-0.149614
45067,Marion County,-0.4378612
45069,Marlboro County,0.8844097
45071,Newberry County,-1.199231
45073,Oconee County,-0.1656064
45075,Orangeburg County,-0.9220191
45077,Pickens County,-1.178431
45079,Richland County,1.444134
45081,Saluda County,-0.5957395
45083,Spartanburg County,-0.0432723
45085,Sumter County,-0.1658585
45087,Union County,-1.277904
45089,Williamsburg County,-0.6259652
45091,York County,0.264338
46000,South Dakota,0.6622179
46003,Aurora County,-0.9806166
46005,Beadle County,0.639177
46007,Bennett County,-0.1666339
46009,Bon Homme County,1.614418
46011,Brookings County,-0.7171746
46013,Brown County,-0.3440049
46015,Brule County,-1.486089
46017,Buffalo County,3.878875
46019,Butte County,-1.465919
46021,Campbell County,3.443318
46023,Charles Mix County,1.409887
46025,Clark County,-1.790026
46027,Clay County,-1.32734
46029,Codington County,-0.3091182
46031,Corson County,3.281456
46033,Custer County,-1.015143
46035,Davison County,-0.0050786
46037,Day County,0.3487222
46039,Deuel County,-2.884251
46041,Dewey County,2.505228
46043,Douglas County,-1.887026
46045,Edmunds County,-1.7571
46047,Fall River County,1.45905
46049,Faulk County,-2.147847
46051,Grant County,-1.778452
46053,Gregory County,1.095431
46055,Haakon County,-1.429157
46057,Hamlin County,-2.273774
46059,Hand County,1.475255
46061,Hanson County,-1.589841
46063,Harding County,-2.876394
46065,Hughes County,0.3797393
46067,Hutchinson County,-0.5882881
46069,Hyde County,-3.617044
46071,Jackson County,-0.6775503
46073,Jerauld County,-2.007543
46075,Jones County,-2.188529
46077,Kingsbury County,0.1859654
46079,Lake County,0.0881337
46081,Lawrence County,-1.1246
46083,Lincoln County,0.2083292
46085,Lyman County,-1.284781
46087,McCook County,1.72468
46089,McPherson County,3.723132
46091,Marshall County,-1.194381
46093,Meade County,-0.4872876
46095,Mellette County,-3.617044
46097,Miner County,-1.913835
46099,Minnehaha County,0.7973887
46101,Moody County,1.018915
46102,Oglala Lakota County,3.473708
46103,Pennington County,0.4782909
46105,Perkins County,1.340486
46107,Potter County,-1.606064
46109,Roberts County,-0.506802
46111,Sanborn County,-2.546155
46115,Spink County,-1.327747
46117,Stanley County,-2.141114
46119,Sully County,-2.231601
46121,Todd County,1.017336
46123,Tripp County,-0.578587
46125,Turner County,0.7296827
46127,Union County,2.245622
46129,Walworth County,1.992438
46135,Yankton County,0.0944421
46137,Ziebach County,-3.617044
47000,Tennessee,0.5869446
47001,Anderson County,0.5916048
47003,Bedford County,-0.42949
47005,Benton County,2.030082
47007,Bledsoe County,1.495543
47009,Blount County,0.3890598
47011,Bradley County,-0.9138545
47013,Campbell County,-0.388316
47015,Cannon County,-0.8865994
47017,Carroll County,0.8720552
47019,Carter County,-0.8341564
47021,Cheatham County,-1.513337
47023,Chester County,-1.149538
47025,Claiborne County,0.648717
47027,Clay County,-0.1955919
47029,Cocke County,-1.334091
47031,Coffee County,0.5613348
47033,Crockett County,2.122154
47035,Cumberland County,-1.012955
47037,Davidson County,1.07002
47039,Decatur County,-1.980211
47041,DeKalb County,-1.343649
47043,Dickson County,-0.7156496
47045,Dyer County,0.1775905
47047,Fayette County,-1.827412
47049,Fentress County,-1.061499
47051,Franklin County,-0.5800034
47053,Gibson County,-0.6985984
47055,Giles County,-1.030336
47057,Grainger County,-2.233812
47059,Greene County,-0.6109199
47061,Grundy County,-2.678568
47063,Hamblen County,0.8212042
47065,Hamilton County,0.5109068
47067,Hancock County,-0.1002873
47069,Hardeman County,-1.260172
47071,Hardin County,-0.5869515
47073,Hawkins County,-1.04317
47075,Haywood County,-0.2108276
47077,Henderson County,-1.193819
47079,Henry County,-0.3849095
47081,Hickman County,-1.006732
47083,Houston County,-2.619957
47085,Humphreys County,-1.2464
47087,Jackson County,-2.479993
47089,Jefferson County,-0.1122085
47091,Johnson County,0.5142674
47093,Knox County,0.4818088
47095,Lake County,3.41257
47097,Lauderdale County,0.110086
47099,Lawrence County,-0.8675171
47101,Lewis County,-1.519243
47103,Lincoln County,-1.22064
47105,Loudon County,-1.210605
47107,McMinn County,0.7812772
47109,McNairy County,-0.9824595
47111,Macon County,-1.18198
47113,Madison County,0.1372329
47115,Marion County,-1.735806
47117,Marshall County,-1.066114
47119,Maury County,-0.4418382
47121,Meigs County,-1.645748
47123,Monroe County,-1.279622
47125,Montgomery County,-0.2585374
47127,Moore County,-5.311738
47129,Morgan County,0.8437705
47131,Obion County,-1.944851
47133,Overton County,-1.277384
47135,Perry County,-1.686223
47137,Pickett County,-2.384083
47139,Polk County,0.1114939
47141,Putnam County,-0.4416284
47143,Rhea County,0.4611219
47145,Roane County,0.5934154
47147,Robertson County,-0.2836701
47149,Rutherford County,-0.3934317
47151,Scott County,-0.5604553
47153,Sequatchie County,0.678793
47155,Sevier County,-1.249491
47157,Shelby County,0.3935514
47159,Smith County,-0.8680946
47161,Stewart County,-0.08983820000000001
47163,Sullivan County,-0.0264851
47165,Sumner County,-0.1794027
47167,Tipton County,-1.375892
47169,Trousdale County,-0.0323057
47171,Unicoi County,-1.320657
47173,Union County,-1.431242
47175,Van Buren County,-3.700181
47177,Warren County,-0.2088258
47179,Washington County,1.100467
47181,Wayne County,-1.882275
47183,Weakley County,-0.9423134
47185,White County,-1.105908
47187,Williamson County,2.10552
47189,Wilson County,-1.098362
48000,Texas,0.9305078
48001,Anderson County,0.642172
48003,Andrews County,-1.656812
48005,Angelina County,0.7907779
48007,Aransas County,-1.122763
48009,Archer County,-1.361169
48011,Armstrong County,-3.617044
48013,Atascosa County,-1.058314
48015,Austin County,0.5355253
48017,Bailey County,0.8957006
48019,Bandera County,-1.145082
48021,Bastrop County,0.1017425
48023,Baylor County,-0.2415603
48025,Bee County,1.048512
48027,Bell County,0.6556122
48029,Bexar County,1.122901
48031,Blanco County,-1.270993
48033,Borden County,3.731262
48035,Bosque County,1.405431
48037,Bowie County,-0.1442739
48039,Brazoria County,-0.7372449
48041,Brazos County,-0.0992515
48043,Brewster County,-0.3406737
48045,Briscoe County,-5.825411
48047,Brooks County,-2.181498
48049,Brown County,-0.4161548
48051,Burleson County,0.1825812
48053,Burnet County,-0.6893927
48055,Caldwell County,-1.057007
48057,Calhoun County,-1.158957
48059,Callahan County,0.7611859
48061,Cameron County,1.373549
48063,Camp County,-1.609455
48065,Carson County,1.16946
48067,Cass County,-0.2231476
48069,Castro County,-1.357999
48071,Chambers County,1.02492
48073,Cherokee County,-1.134532
48075,Childress County,0.5421484
48077,Clay County,3.944158
48079,Cochran County,-5.770201
48081,Coke County,-1.652688
48083,Coleman County,2.331412
48085,Collin County,1.795349
48087,Collingsworth County,-4.141129
48089,Colorado County,-1.202655
48091,Comal County,-0.4363117
48093,Comanche County,-0.9450577
48095,Concho County,-1.261135
48097,Cooke County,-1.170392
48099,Coryell County,1.126136
48101,Cottle County,-1.782756
48103,Crane County,-0.1018064
48105,Crockett County,0.5253447
48107,Crosby County,1.067992
48109,Culberson County,-1.237056
48111,Dallam County,-0.9464759
48113,Dallas County,1.262944
48115,Dawson County,-0.3930527
48117,Deaf Smith County,-1.362405
48119,Delta County,-0.4404368
48121,Denton County,0.5666643
48123,DeWitt County,0.0235548
48125,Dickens County,-1.773952
48127,Dimmit County,-0.7301441
48129,Donley County,4.085169
48131,Duval County,0.0052076
48133,Eastland County,0.3545496
48135,Ector County,-1.25355
48137,Edwards County,-3.251215
48139,Ellis County,-1.106272
48141,El Paso County,0.9226454
48143,Erath County,-0.9919056
48145,Falls County,-0.9774066
48147,Fannin County,-0.3474559
48149,Fayette County,-0.8521012
48151,Fisher County,-3.82528
48153,Floyd County,-3.466813
48155,Foard County,-4.629002
48157,Fort Bend County,0.5640374
48159,Franklin County,0.8620445
48161,Freestone County,1.210833
48163,Frio County,-1.612371
48165,Gaines County,-2.381088
48167,Galveston County,-0.8324716
48169,Garza County,-2.248509
48171,Gillespie County,-1.006205
48173,Glasscock County,-3.617044
48175,Goliad County,-1.272607
48177,Gonzales County,-0.9261335
48179,Gray County,-0.2410875
48181,Grayson County,0.5335124
48183,Gregg County,-0.2176883
48185,Grimes County,-1.06001
48187,Guadalupe County,-0.6641529
48189,Hale County,-1.729905
48191,Hall County,-4.476288
48193,Hamilton County,-0.6095258
48195,Hansford County,-2.263357
48197,Hardeman County,-1.584555
48199,Hardin County,1.093746
48201,Harris County,0.8219143
48203,Harrison County,-1.09564
48205,Hartley County,-3.011671
48207,Haskell County,0.5183436
48209,Hays County,0.0546891
48211,Hemphill County,-0.5796733
48213,Henderson County,0.4056041
48215,Hidalgo County,1.554175
48217,Hill County,0.7530844
48219,Hockley County,-1.459677
48221,Hood County,-0.8141049
48223,Hopkins County,-0.9533337
48225,Houston County,0.06879
48227,Howard County,-0.1340432
48229,Hudspeth County,-1.264612
48231,Hunt County,-0.352959
48233,Hutchinson County,1.21221
48235,Irion County,-0.4474474
48237,Jack County,-1.64799
48239,Jackson County,0.7021161
48241,Jasper County,-0.0030444
48243,Jeff Davis County,-2.118613
48245,Jefferson County,-0.260162
48247,Jim Hogg County,-1.260232
48249,Jim Wells County,-0.5150102
48251,Johnson County,-1.073394
48253,Jones County,1.702365
48255,Karnes County,-0.2933596
48257,Kaufman County,0.1561368
48259,Kendall County,0.0169391
48261,Kenedy County,-3.617044
48263,Kent County,-3.617044
48265,Kerr County,-0.3709795
48267,Kimble County,-1.922593
48269,King County,-3.617044
48271,Kinney County,-3.239601
48273,Kleberg County,-0.0054646
48275,Knox County,-2.55249
48277,Lamar County,0.0957716
48279,Lamb County,-1.115027
48281,Lampasas County,-1.729862
48283,La Salle County,-1.252642
48285,Lavaca County,-1.68948
48287,Lee County,-0.8699683
48289,Leon County,0.7740049
48291,Liberty County,0.4370041
48293,Limestone County,-0.5310825
48295,Lipscomb County,-0.8384625
48297,Live Oak County,-1.126659
48299,Llano County,-1.458562
48301,Loving County,0.3938733
48303,Lubbock County,0.2979511
48305,Lynn County,-0.9917442
48307,McCulloch County,0.9930969
48309,McLennan County,0.3252997
48311,McMullen County,-3.617044
48313,Madison County,-0.0968073
48315,Marion County,-2.385643
48317,Martin County,-3.180379
48319,Mason County,-0.7859548
48321,Matagorda County,-0.8897874
48323,Maverick County,0.8657333
48325,Medina County,1.663934
48327,Menard County,-3.617044
48329,Midland County,-0.7054741
48331,Milam County,-0.9312989
48333,Mills County,-0.523145
48335,Mitchell County,-1.261036
48337,Montague County,-0.9892496
48339,Montgomery County,0.1987716
48341,Moore County,-0.3766588
48343,Morris County,1.891309
48345,Motley County,-5.181736
48347,Nacogdoches County,-0.9042558
48349,Navarro County,0.5413851
48351,Newton County,-0.2815219
48353,Nolan County,-0.3199641
48355,Nueces County,0.3865028
48357,Ochiltree County,-1.549757
48359,Oldham County,3.753511
48361,Orange County,0.0063024
48363,Palo Pinto County,-1.075706
48365,Panola County,-0.8852295
48367,Parker County,0.0649882
48369,Parmer County,1.457074
48371,Pecos County,-1.88086
48373,Polk County,0.421075
48375,Potter County,0.2637944
48377,Presidio County,-1.190953
48379,Rains County,-0.0333614
48381,Randall County,-0.5558924
48383,Reagan County,-2.254638
48385,Real County,-1.366475
48387,Red River County,0.6514377
48389,Reeves County,-2.418593
48391,Refugio County,-2.868937
48393,Roberts County,-1.735049
48395,Robertson County,-0.9467699
48397,Rockwall County,-0.4804691
48399,Runnels County,-0.8420747
48401,Rusk County,-0.8733695
48403,Sabine County,0.0151721
48405,San Augustine County,-1.6893
48407,San Jacinto County,-0.0736766
48409,San Patricio County,-0.0447062
48411,San Saba County,-2.111264
48413,Schleicher County,2.100136
48415,Scurry County,-0.5536425
48417,Shackelford County,-2.322628
48419,Shelby County,-0.582352
48421,Sherman County,-6.062173
48423,Smith County,0.233028
48425,Somervell County,0.3105366
48427,Starr County,2.292606
48429,Stephens County,0.0340724
48431,Sterling County,1.495611
48433,Stonewall County,-2.750884
48435,Sutton County,-2.423767
48437,Swisher County,-3.817843
48439,Tarrant County,0.5876097
48441,Taylor County,0.6807402
48443,Terrell County,-0.7585409
48445,Terry County,1.401355
48447,Throckmorton County,-0.5562967
48449,Titus County,0.3730176
48451,Tom Green County,-0.0117738
48453,Travis County,1.498222
48455,Trinity County,0.8420567
48457,Tyler County,-1.390784
48459,Upshur County,1.515969
48461,Upton County,2.120846
48463,Uvalde County,-0.0863397
48465,Val Verde County,-0.1815311
48467,Van Zandt County,-0.8650304
48469,Victoria County,-0.2428904
48471,Walker County,1.100205
48473,Waller County,-1.351416
48475,Ward County,-1.780925
48477,Washington County,-0.6417139
48479,Webb County,0.3976465
48481,Wharton County,0.0202868
48483,Wheeler County,-2.232363
48485,Wichita County,0.0676084
48487,Wilbarger County,0.8062765
48489,Willacy County,-0.999079
48491,Williamson County,0.4584762
48493,Wilson County,-1.35116
48495,Winkler County,-1.398637
48497,Wise County,-0.8467112
48499,Wood County,0.2009132
48501,Yoakum County,-2.661824
48503,Young County,1.444504
48505,Zapata County,-1.47497
48507,Zavala County,3.150906
49000,Utah,1.021964
49001,Beaver County,0.9811258
49003,Box Elder County,-1.301754
49005,Cache County,0.9365196
49007,Carbon County,0.289561
49009,Daggett County,3.750664
49011,Davis County,0.751527
49013,Duchesne County,0.1182102
49015,Emery County,-0.2903553
49017,Garfield County,-1.344058
49019,Grand County,-1.570156
49021,Iron County,0.0038284
49023,Juab County,0.1139578
49025,Kane County,-1.758609
49027,Millard County,-1.282387
49029,Morgan County,-1.209504
49031,Piute County,-3.617044
49033,Rich County,-2.402872
49035,Salt Lake County,1.33066
49037,San Juan County,1.415272
49039,Sanpete County,-1.303023
49041,Sevier County,-0.1120801
49043,Summit County,-0.6502898
49045,Tooele County,-0.5795406
49047,Uintah County,-0.430065
49049,Utah County,0.8748258
49051,Wasatch County,-0.2986589
49053,Washington County,-0.4770663
49055,Wayne County,1.817626
49057,Weber County,0.0184974
50000,Vermont,1.019968
50001,Addison County,0.6829423
50003,Bennington County,0.7602026
50005,Caledonia County,0.9095454
50007,Chittenden County,1.154007
50009,Essex County,-3.427627
50011,Franklin County,-1.214567
50013,Grand Isle County,1.200294
50015,Lamoille County,-0.0846137
50017,Orange County,1.353594
50019,Orleans County,0.6487582
50021,Rutland County,-0.3596434
50023,Washington County,1.570159
50025,Windham County,0.4227761
50027,Windsor County,0.3057869
51000,Virginia,1.254353
51001,Accomack County,0.3897599
51003,Albemarle County,1.108757
51005,Alleghany County,0.8802515
51007,Amelia County,-1.867067
51009,Amherst County,-0.2337626
51011,Appomattox County,-2.245124
51013,Arlington County,2.694699
51015,Augusta County,-1.259671
51017,Bath County,-1.215033
51019,Bedford County,-0.0303903
51021,Bland County,-0.4167531
51023,Botetourt County,-0.9479825
51025,Brunswick County,-1.929968
51027,Buchanan County,-0.6585575
51029,Buckingham County,-0.8538512
51031,Campbell County,-0.3517626
51033,Caroline County,-0.870872
51035,Carroll County,0.7879023
51036,Charles City County,-3.065516
51037,Charlotte County,-2.318219
51041,Chesterfield County,0.3520737
51043,Clarke County,-1.03575
51045,Craig County,-4.066803
51047,Culpeper County,-0.4423969
51049,Cumberland County,-4.251112
51051,Dickenson County,-0.5575709
51053,Dinwiddie County,-3.738374
51057,Essex County,0.2769686
51059,Fairfax County,2.447033
51061,Fauquier County,-0.0294216
51063,Floyd County,0.2346807
51065,Fluvanna County,-1.238468
51067,Franklin County,-0.6000645
51069,Frederick County,-1.492573
51071,Giles County,-0.5403029
51073,Gloucester County,0.3090684
51075,Goochland County,1.149673
51077,Grayson County,1.441375
51079,Greene County,-1.96305
51081,Greensville County,-2.277207
51083,Halifax County,-0.0733987
51085,Hanover County,-0.430611
51087,Henrico County,1.422054
51089,Henry County,-1.973399
51091,Highland County,-1.107872
51093,Isle of Wight County,-0.3176004
51095,James City County,0.0522299
51097,King and Queen County,-2.262478
51099,King George County,2.2515
51101,King William County,-1.24219
51103,Lancaster County,-0.1634232
51105,Lee County,0.3675392
51107,Loudoun County,0.7309886
51109,Louisa County,-1.202572
51111,Lunenburg County,-0.0193759
51113,Madison County,-0.8853949
51115,Mathews County,-0.9336454
51117,Mecklenburg County,0.8307478
51119,Middlesex County,-1.084908
51121,Montgomery County,-0.0732479
51125,Nelson County,-1.563759
51127,New Kent County,-1.721826
51131,Northampton County,-0.3180371
51133,Northumberland County,-1.585763
51135,Nottoway County,1.337405
51137,Orange County,-1.127
51139,Page County,-0.6564072
51141,Patrick County,-1.782378
51143,Pittsylvania County,-0.1284811
51145,Powhatan County,-1.567749
51147,Prince Edward County,0.6313823
51149,Prince George County,0.2131253
51153,Prince William County,-0.2040318
51155,Pulaski County,-1.155338
51157,Rappahannock County,-1.100338
51159,Richmond County,-1.453052
51161,Roanoke County,0.4939085
51163,Rockbridge County,-0.8931535
51165,Rockingham County,-2.110704
51167,Russell County,1.299221
51169,Scott County,0.4130163
51171,Shenandoah County,-0.7446789
51173,Smyth County,-0.1171879
51175,Southampton County,-1.657917
51177,Spotsylvania County,1.087949
51179,Stafford County,0.2140509
51181,Surry County,-0.3347618
51183,Sussex County,-0.7812376
51185,Tazewell County,1.257049
51187,Warren County,-0.0346867
51191,Washington County,0.6608059
51193,Westmoreland County,-0.2014272
51195,Wise County,1.769225
51197,Wythe County,-0.9425904
51199,York County,0.1948908
51510,Alexandria city,2.049446
51520,Bristol city,-0.5026408
51530,Buena Vista city,-2.830074
51540,Charlottesville city,0.65737
51550,Chesapeake city,0.2172998
51570,Colonial Heights city,0.9767397
51580,Covington city,-1.257724
51590,Danville city,-0.2009303
51595,Emporia city,1.384208
51600,Fairfax city,2.051636
51610,Falls Church city,1.331175
51620,Franklin city,2.380033
51630,Fredericksburg city,0.3435462
51640,Galax city,1.823511
51650,Hampton city,0.8572687
51660,Harrisonburg city,1.035049
51670,Hopewell city,-0.153934
51678,Lexington city,0.3789739
51680,Lynchburg city,0.9152802
51683,Manassas city,0.8501067
51685,Manassas Park city,-2.958556
51690,Martinsville city,1.508651
51700,Newport News city,0.350285
51710,Norfolk city,0.6091291
51720,Norton city,2.674214
51730,Petersburg city,-0.0283949
51735,Poquoson city,-2.117938
51740,Portsmouth city,-0.5057608
51750,Radford city,-0.9012483
51760,Richmond city,1.484804
51770,Roanoke city,0.7239944
51775,Salem city,0.0750067
51790,Staunton city,0.0631074
51800,Suffolk city,-0.2893342
51810,Virginia Beach city,0.4540617
51820,Waynesboro city,1.13242
51830,Williamsburg city,-0.2894551
51840,Winchester city,0.901009
53000,Washington,1.08479
53001,Adams County,-2.106855
53003,Asotin County,-0.8209462
53005,Benton County,-0.0566528
53007,Chelan County,-0.5179268
53009,Clallam County,0.1608635
53011,Clark County,0.4532718
53013,Columbia County,1.406369
53015,Cowlitz County,-0.8784371
53017,Douglas County,-1.687116
53019,Ferry County,1.296549
53021,Franklin County,-0.981616
53023,Garfield County,4.195065
53025,Grant County,-0.1589602
53027,Grays Harbor County,-0.9160855
53029,Island County,-0.2132459
53031,Jefferson County,-0.2563189
53033,King County,1.6137
53035,Kitsap County,0.2100473
53037,Kittitas County,-1.340274
53039,Klickitat County,-0.4118842
53041,Lewis County,-0.9868803
53043,Lincoln County,1.923986
53045,Mason County,-0.4540665
53047,Okanogan County,0.0847517
53049,Pacific County,-1.198943
53051,Pend Oreille County,-2.070744
53053,Pierce County,0.0106809
53055,San Juan County,-0.883623
53057,Skagit County,0.1487763
53059,Skamania County,-1.380499
53061,Snohomish County,0.475392
53063,Spokane County,0.9175941
53065,Stevens County,0.7758576
53067,Thurston County,0.8330149
53069,Wahkiakum County,-1.87594
53071,Walla Walla County,0.6351651
53073,Whatcom County,-0.1664017
53075,Whitman County,0.1969784
53077,Yakima County,-1.237316
54000,West Virginia,0.6933692
54001,Barbour County,0.2784207
54003,Berkeley County,0.8729731
54005,Boone County,0.2960645
54007,Braxton County,-1.063789
54009,Brooke County,-0.8043156
54011,Cabell County,0.8125188
54013,Calhoun County,-2.712022
54015,Clay County,-0.3761801
54017,Doddridge County,0.7442948
54019,Fayette County,0.2535935
54021,Gilmer County,-2.177372
54023,Grant County,0.7597291
54025,Greenbrier County,0.7087031
54027,Hampshire County,-1.1035
54029,Hancock County,-0.2779963
54031,Hardy County,-0.9172668
54033,Harrison County,0.4567472
54035,Jackson County,-0.2722256
54037,Jefferson County,-0.4942952
54039,Kanawha County,1.210395
54041,Lewis County,-0.6285946
54043,Lincoln County,2.617265
54045,Logan County,0.7486001
54047,McDowell County,-0.1690335
54049,Marion County,0.1293715
54051,Marshall County,0.8444301
54053,Mason County,-0.3051307
54055,Mercer County,-0.3172022
54057,Mineral County,0.3486008
54059,Mingo County,1.343545
54061,Monongalia County,0.9044282
54063,Monroe County,1.644147
54065,Morgan County,2.252688
54067,Nicholas County,0.8348234
54069,Ohio County,0.6571853
54071,Pendleton County,1.763141
54073,Pleasants County,-1.559404
54075,Pocahontas County,-1.369496
54077,Preston County,-1.230264
54079,Putnam County,-0.6373875
54081,Raleigh County,0.3479149
54083,Randolph County,0.2505219
54085,Ritchie County,-1.846351
54087,Roane County,0.8523462
54089,Summers County,1.887669
54091,Taylor County,-1.257659
54093,Tucker County,-1.256159
54095,Tyler County,-0.0087152
54097,Upshur County,0.3456569
54099,Wayne County,1.63988
54101,Webster County,-2.879427
54103,Wetzel County,-1.096643
54105,Wirt County,2.930226
54107,Wood County,-0.27197
54109,Wyoming County,0.2903739
55000,Wisconsin,0.7248446
55001,Adams County,-1.21731
55003,Ashland County,0.6535046
55005,Barron County,-0.4317363
55007,Bayfield County,-2.197544
55009,Brown County,0.7391953
55011,Buffalo County,0.4858404
55013,Burnett County,-1.313238
55015,Calumet County,-0.8490945
55017,Chippewa County,-0.5877958
55019,Clark County,-0.2933576
55021,Columbia County,-0.5851694
55023,Crawford County,-0.4260231
55025,Dane County,1.555875
55027,Dodge County,-0.4850431
55029,Door County,-0.6539301
55031,Douglas County,0.4610729
55033,Dunn County,-1.424546
55035,Eau Claire County,1.285445
55037,Florence County,-2.96724
55039,Fond du Lac County,-0.2027991
55041,Forest County,0.6529689
55043,Grant County,0.5064068
55045,Green County,-0.0191889
55047,Green Lake County,-1.247424
55049,Iowa County,-1.085134
55051,Iron County,-1.771583
55053,Jackson County,-1.078712
55055,Jefferson County,-0.0251343
55057,Juneau County,0.2734621
55059,Kenosha County,-0.5559651
55061,Kewaunee County,0.7303892
55063,La Crosse County,0.4713033
55065,Lafayette County,-0.8917068
55067,Langlade County,-0.2401769
55069,Lincoln County,-1.114264
55071,Manitowoc County,-0.1032598
55073,Marathon County,0.5980032
55075,Marinette County,-0.7443418
55077,Marquette County,0.2737384
55078,Menominee County,3.284826
55079,Milwaukee County,1.290862
55081,Monroe County,0.1790523
55083,Oconto County,0.3824625
55085,Oneida County,0.163893
55087,Outagamie County,0.0684368
55089,Ozaukee County,0.1614945
55091,Pepin County,0.2844044
55093,Pierce County,-1.248535
55095,Polk County,0.3320104
55097,Portage County,-0.6178445
55099,Price County,0.1494444
55101,Racine County,-0.1086001
55103,Richland County,-0.2601981
55105,Rock County,0.417097
55107,Rusk County,0.2089524
55109,St. Croix County,-0.4313625
55111,Sauk County,-0.3922504
55113,Sawyer County,-0.0027535
55115,Shawano County,-0.9330029
55117,Sheboygan County,-0.3176642
55119,Taylor County,-1.056538
55121,Trempealeau County,0.2481485
55123,Vernon County,0.2937108
55125,Vilas County,-0.7440981
55127,Walworth County,-0.8765773
55129,Washburn County,0.4590246
55131,Washington County,-0.1241212
55133,Waukesha County,0.766136
55135,Waupaca County,-0.1196554
55137,Waushara County,0.05908
55139,Winnebago County,0.38219
55141,Wood County,-0.033995
56000,Wyoming,0.0603194
56001,Albany County,-0.0639907
56003,Big Horn County,-1.760279
56005,Campbell County,-0.82019
56007,Carbon County,-0.9537921
56009,Converse County,-2.159885
56011,Crook County,-0.8669233
56013,Fremont County,0.7368135
56015,Goshen County,0.0006351
56017,Hot Springs County,-1.024882
56019,Johnson County,-0.8780924
56021,Laramie County,-0.3646311
56023,Lincoln County,-0.6815501
56025,Natrona County,-0.3051925
56027,Niobrara County,2.37791
56029,Park County,0.0257641
56031,Platte County,-1.629203
56033,Sheridan County,0.3420237
56035,Sublette County,-1.502848
56037,Sweetwater County,-0.2255882
56039,Teton County,-1.229523
56041,Uinta County,-0.5616767
56043,Washakie County,-0.5977742
56045,Weston County,-0.1580794
72000,Puerto Rico,1.115893
72001,Adjuntas Municipio,0.1768986
72003,Aguada Municipio,-0.2475109
72005,Aguadilla Municipio,1.253892
72007,Aguas Buenas Municipio,0.5367036
72009,Aibonito Municipio,0.9175909
72011,Añasco Municipio,0.7648629
72013,Arecibo Municipio,0.8991741
72015,Arroyo Municipio,1.563363
72017,Barceloneta Municipio,-0.2173005
72019,Barranquitas Municipio,-0.4444068
72021,Bayamón Municipio,0.6154161
72023,Cabo Rojo Municipio,-0.5697058
72025,Caguas Municipio,0.2990335
72027,Camuy Municipio,-0.7690712
72029,Canóvanas Municipio,0.066352
72031,Carolina Municipio,-0.4915299
72033,Cataño Municipio,-3.017765
72035,Cayey Municipio,1.339941
72037,Ceiba Municipio,0.6145744
72039,Ciales Municipio,-0.8448018
72041,Cidra Municipio,-0.7469193
72043,Coamo Municipio,-0.3265022
72045,Comerío Municipio,-0.9166637
72047,Corozal Municipio,0.4422743
72049,Culebra Municipio,-2.516921
72051,Dorado Municipio,0.0311231
72053,Fajardo Municipio,-0.5391167
72054,Florida Municipio,-0.2712681
72055,Guánica Municipio,1.578908
72057,Guayama Municipio,-0.0713828
72059,Guayanilla Municipio,0.1474693
72061,Guaynabo Municipio,2.114074
72063,Gurabo Municipio,0.7017335
72065,Hatillo Municipio,-0.6294462
72067,Hormigueros Municipio,3.289952
72069,Humacao Municipio,0.4978722
72071,Isabela Municipio,-0.0522312
72073,Jayuya Municipio,0.7989742
72075,Juana Díaz Municipio,-0.2187731
72077,Juncos Municipio,1.241448
72079,Lajas Municipio,0.0382302
72081,Lares Municipio,1.017647
72083,Las Marías Municipio,0.2104616
72085,Las Piedras Municipio,0.3350246
72087,Loíza Municipio,-1.097438
72089,Luquillo Municipio,-1.732617
72091,Manatí Municipio,1.558025
72093,Maricao Municipio,-3.617044
72095,Maunabo Municipio,-0.5137098
72097,Mayagüez Municipio,0.7619935
72099,Moca Municipio,0.1887073
72101,Morovis Municipio,-0.0340176
72103,Naguabo Municipio,-1.374864
72105,Naranjito Municipio,-0.1525528
72107,Orocovis Municipio,-0.2512535
72109,Patillas Municipio,2.278071
72111,Peñuelas Municipio,-0.8376051
72113,Ponce Municipio,0.616633
72115,Quebradillas Municipio,-0.4086444
72117,Rincón Municipio,-1.206702
72119,Río Grande Municipio,-1.072808
72121,Sabana Grande Municipio,-0.1342999
72123,Salinas Municipio,0.484923
72125,San Germán Municipio,2.258284
72127,San Juan Municipio,1.423395
72129,San Lorenzo Municipio,0.1098321
72131,San Sebastián Municipio,0.2820227
72133,Santa Isabel Municipio,1.382835
72135,Toa Alta Municipio,-0.5692034
72137,Toa Baja Municipio,-1.406421
72139,Trujillo Alto Municipio,0.579188
72141,Utuado Municipio,-0.0582076
72143,Vega Alta Municipio,0.0359312
72145,Vega Baja Municipio,-0.4465982
72147,Vieques Municipio,-2.882463
72149,Villalba Municipio,-0.2331246
72151,Yabucoa Municipio,0.2123254
72153,Yauco Municipio,-0.2470293
